timestamp,game_date,rotation_num,sportsbook_name,away_team,home_team,away_spread,home_spread,home_spread_payout,away_spread_payout,point_total,over_point_total_payout,under_point_total_payout,away_moneyline_payout,home_moneyline_payout,home_score,away_score,correct_spread_pick,correct_spread_diff,correct_spread_payout,correct_point_total_pick,correct_point_total_diff,correct_point_total_payout,correct_moneyline_pick,correct_moneyline_diff,correct_moneyline_payout,incorrect_spread_pick,incorrect_spread_diff,incorrect_spread_payout,incorrect_point_total_pick,incorrect_point_total_diff,incorrect_point_total_payout,incorrect_moneyline_pick,incorrect_moneyline_diff,incorrect_moneyline_payout
03/10/2016-16:33:28,3/10/2016,706,Westgate,PHX,DEN,9,-9,-110,-110,214.5,-110,-110,365,-460,116,98,DEN,9,90.90909091,u,0.5,90.90909091,DEN,18,21.73913043,PHX,-9,-100,o,-0.5,-100,PHX,-18,-100
03/10/2016-16:33:28,3/10/2016,706,PinnacleSports.com,PHX,DEN,9,-9,-113,102,214.5,-106,-104,377,-440,116,98,DEN,9,88.49557522,u,0.5,94.33962264,DEN,18,22.72727273,PHX,-9,-100,o,-0.5,-100,PHX,-18,-100
03/10/2016-16:33:28,3/10/2016,706,5Dimes.eu,PHX,DEN,9,-9,-104,-106,215,-103,-107,385,-435,116,98,DEN,9,96.15384615,u,1,97.08737864,DEN,18,22.98850575,PHX,-9,-100,o,-1,-100,PHX,-18,-100
03/10/2016-16:33:28,3/10/2016,706,BOVADA.lv,PHX,DEN,N/A,N/A,N/A,N/A,N/A,N/A,N/A,N/A,N/A,116,98,N/A,N/A,N/A,N/A,N/A,N/A,N/A,N/A,N/A,N/A,N/A,N/A,N/A,N/A,N/A,N/A,N/A,N/A
03/10/2016-16:33:28,3/10/2016,706,BETONLINE.ag,PHX,DEN,9,-9,-110,-110,215,-110,-110,370,-440,116,98,DEN,9,90.90909091,u,1,90.90909091,DEN,18,22.72727273,PHX,-9,-100,o,-1,-100,PHX,-18,-100
03/10/2016-16:33:28,3/10/2016,706,SportsBetting.ag,PHX,DEN,9,-9,-110,-110,215,-110,-110,370,-440,116,98,DEN,9,90.90909091,u,1,90.90909091,DEN,18,22.72727273,PHX,-9,-100,o,-1,-100,PHX,-18,-100
03/10/2016-16:33:28,3/10/2016,702,Westgate,ATL,TOR,4,-4,-110,-110,200.5,-110,-110,155,-175,104,96,TOR,4,90.90909091,u,0.5,90.90909091,TOR,8,57.14285714,ATL,-4,-100,o,-0.5,-100,ATL,-8,-100
03/10/2016-16:33:28,3/10/2016,702,PinnacleSports.com,ATL,TOR,4,-4,-105,-105,200.5,-107,-103,156,-173,104,96,TOR,4,95.23809524,u,0.5,93.45794393,TOR,8,57.80346821,ATL,-4,-100,o,-0.5,-100,ATL,-8,-100
03/10/2016-16:33:28,3/10/2016,702,5Dimes.eu,ATL,TOR,4,-4,-105,-105,200.5,-105,-105,160,-170,104,96,TOR,4,95.23809524,u,0.5,95.23809524,TOR,8,58.82352941,ATL,-4,-100,o,-0.5,-100,ATL,-8,-100
03/10/2016-16:33:28,3/10/2016,702,BOVADA.lv,ATL,TOR,4.5,-4,-115,-105,200,N/A,N/A,N/A,N/A,104,96,TOR,4,86.95652174,N/A,0,0,N/A,N/A,N/A,ATL,-4,-100,N/A,0,0,N/A,N/A,N/A
03/10/2016-16:33:28,3/10/2016,702,BETONLINE.ag,ATL,TOR,4,-4,-110,-110,200.5,-110,-110,150,-170,104,96,TOR,4,90.90909091,u,0.5,90.90909091,TOR,8,58.82352941,ATL,-4,-100,o,-0.5,-100,ATL,-8,-100
03/10/2016-16:33:28,3/10/2016,702,SportsBetting.ag,ATL,TOR,4,-4,-110,-110,200.5,-110,-110,150,-170,104,96,TOR,4,90.90909091,u,0.5,90.90909091,TOR,8,58.82352941,ATL,-4,-100,o,-0.5,-100,ATL,-8,-100
03/10/2016-16:33:28,3/10/2016,704,Westgate,CHI,SA,14.5,-14,-110,-110,201,-110,-110,1150,-2400,109,101,CHI,6,90.90909091,o,9,90.90909091,SA,8,4.166666667,SA,-6,-100,u,-9,-100,CHI,-8,-100
03/10/2016-16:33:28,3/10/2016,704,PinnacleSports.com,CHI,SA,14.5,-14,-102,-108,201.5,100,-110,1332,-2100,109,101,CHI,6,98.03921569,o,8.5,100,SA,8,4.761904762,SA,-6,-100,u,-8.5,-100,CHI,-8,-100
03/10/2016-16:33:28,3/10/2016,704,5Dimes.eu,CHI,SA,14.5,-14,-103,-107,201.5,-103,-107,1300,-1650,109,101,CHI,6,97.08737864,o,8.5,97.08737864,SA,8,6.060606061,SA,-6,-100,u,-8.5,-100,CHI,-8,-100
03/10/2016-16:33:28,3/10/2016,704,BOVADA.lv,CHI,SA,14.5,-14,-105,-115,201,N/A,N/A,N/A,N/A,109,101,CHI,6,95.23809524,N/A,N/A,N/A,N/A,N/A,N/A,SA,-6,-100,N/A,N/A,N/A,N/A,N/A,N/A
03/10/2016-16:33:28,3/10/2016,704,BETONLINE.ag,CHI,SA,14.5,-14,-110,-110,201,-110,-110,1350,-2500,109,101,CHI,6,90.90909091,o,9,90.90909091,SA,8,4,SA,-6,-100,u,-9,-100,CHI,-8,-100
03/10/2016-16:33:28,3/10/2016,704,SportsBetting.ag,CHI,SA,14.5,-14,-110,-110,201,-110,-110,1350,-2500,109,101,CHI,6,90.90909091,o,9,90.90909091,SA,8,4,SA,-6,-100,u,-9,-100,CHI,-8,-100
03/10/2016-16:33:28,3/10/2016,708,Westgate,CLE,LAL,-9.5,9,-110,-110,209,-110,-110,-500,400,120,108,LAL,21,90.90909091,o,19,90.90909091,LAL,12,400,CLE,-21,-100,u,-19,-100,CLE,-12,-100
03/10/2016-16:33:28,3/10/2016,708,PinnacleSports.com,CLE,LAL,-9.5,9,-105,-105,209,-105,-105,-475,404,120,108,LAL,21,95.23809524,o,19,95.23809524,LAL,12,404,CLE,-21,-100,u,-19,-100,CLE,-12,-100
03/10/2016-16:33:28,3/10/2016,708,5Dimes.eu,CLE,LAL,-9.5,9,-105,-105,209,-105,-105,-475,420,120,108,LAL,21,95.23809524,o,19,95.23809524,LAL,12,420,CLE,-21,-100,u,-19,-100,CLE,-12,-100
03/10/2016-16:33:28,3/10/2016,708,BOVADA.lv,CLE,LAL,N/A,N/A,N/A,N/A,N/A,N/A,N/A,N/A,N/A,120,108,N/A,N/A,N/A,N/A,N/A,N/A,N/A,N/A,N/A,N/A,N/A,N/A,N/A,N/A,N/A,N/A,N/A,N/A
03/10/2016-16:33:28,3/10/2016,708,BETONLINE.ag,CLE,LAL,-9.5,9,-110,-110,209,-110,-110,-500,405,120,108,LAL,21,90.90909091,o,19,90.90909091,LAL,12,405,CLE,-21,-100,u,-19,-100,CLE,-12,-100
03/10/2016-16:33:28,3/10/2016,708,SportsBetting.ag,CLE,LAL,-9.5,9,-110,-110,209,-110,-110,-500,405,120,108,LAL,21,90.90909091,o,19,90.90909091,LAL,12,405,CLE,-21,-100,u,-19,-100,CLE,-12,-100
03/11/2016-17:09:36,3/11/2016,520,Westgate,POR,GS,12.5,-12,-110,-110,227.5,-110,-110,801,-1301,128,112,GS,4,90.90909091,o,12.5,90.90909091,GS,16,7.686395081,POR,-4,-100,u,-12.5,-100,POR,-16,-100
03/11/2016-17:09:36,3/11/2016,520,PinnacleSports.com,POR,GS,12.5,-12,-108,-102,227,-105,-105,894,-1212,128,112,GS,4,92.59259259,o,13,95.23809524,GS,16,8.250825083,POR,-4,-100,u,-13,-100,POR,-16,-100
03/11/2016-17:09:36,3/11/2016,520,5Dimes.eu,POR,GS,12.5,-12,-108,-102,227,-108,-102,900,-1100,128,112,GS,4,92.59259259,o,13,92.59259259,GS,16,9.090909091,POR,-4,-100,u,-13,-100,POR,-16,-100
03/11/2016-17:09:36,3/11/2016,520,BOVADA.lv,POR,GS,12.5,-12,-110,-110,227,N/A,N/A,N/A,N/A,128,112,GS,4,90.90909091,N/A,N/A,N/A,N/A,N/A,N/A,POR,-4,-100,N/A,N/A,N/A,N/A,N/A,N/A
03/11/2016-17:09:36,3/11/2016,520,BETONLINE.ag,POR,GS,12.5,-12,-110,-110,227.5,-110,-110,850,-1250,128,112,GS,4,90.90909091,o,12.5,90.90909091,GS,16,8,POR,-4,-100,u,-12.5,-100,POR,-16,-100
03/11/2016-17:09:36,3/11/2016,520,SportsBetting.ag,POR,GS,12.5,-12,-110,-110,227.5,-110,-110,850,-1250,128,112,GS,4,90.90909091,o,12.5,90.90909091,GS,16,8,POR,-4,-100,u,-12.5,-100,POR,-16,-100
03/11/2016-17:09:36,3/11/2016,518,Westgate,NY,LAC,10,-10,-110,-110,203,-110,-110,460,-600,101,94,NY,3,90.90909091,u,8,90.90909091,LAC,7,16.66666667,LAC,-3,-100,o,-8,-100,NY,-7,-100
03/11/2016-17:09:36,3/11/2016,518,PinnacleSports.com,NY,LAC,10,-10,-113,102,203,-106,-104,487,-585,101,94,NY,3,88.49557522,u,8,94.33962264,LAC,7,17.09401709,LAC,-3,-100,o,-8,-100,NY,-7,-100
03/11/2016-17:09:36,3/11/2016,518,5Dimes.eu,NY,LAC,10,-10,-109,-101,203,-105,-105,485,-575,101,94,NY,3,91.74311927,u,8,95.23809524,LAC,7,17.39130435,LAC,-3,-100,o,-8,-100,NY,-7,-100
03/11/2016-17:09:36,3/11/2016,518,BOVADA.lv,NY,LAC,10.5,-10,-105,-115,203,N/A,N/A,N/A,N/A,101,94,NY,3,95.23809524,N/A,N/A,N/A,N/A,N/A,N/A,LAC,-3,-100,N/A,N/A,N/A,N/A,N/A,N/A
03/11/2016-17:09:36,3/11/2016,518,BETONLINE.ag,NY,LAC,10,-10,-112,-108,203,-110,-110,475,-600,101,94,NY,3,89.28571429,u,8,90.90909091,LAC,7,16.66666667,LAC,-3,-100,o,-8,-100,NY,-7,-100
03/11/2016-17:09:36,3/11/2016,518,SportsBetting.ag,NY,LAC,10,-10,-112,-108,203,-110,-110,475,-600,101,94,NY,3,89.28571429,u,8,90.90909091,LAC,7,16.66666667,LAC,-3,-100,o,-8,-100,NY,-7,-100
03/11/2016-17:09:36,3/11/2016,510,Westgate,MIN,OKC,12,-12,-105,-115,224,-110,-110,700,-1000,99,96,MIN,9,95.23809524,u,29,90.90909091,OKC,3,10,OKC,-9,-100,o,-29,-100,MIN,-3,-100
03/11/2016-17:09:36,3/11/2016,510,PinnacleSports.com,MIN,OKC,12,-12,-103,-107,223.5,-106,-104,767,-1000,99,96,MIN,9,97.08737864,u,28.5,94.33962264,OKC,3,10,OKC,-9,-100,o,-28.5,-100,MIN,-3,-100
03/11/2016-17:09:36,3/11/2016,510,5Dimes.eu,MIN,OKC,12,-12,-105,-105,223.5,-105,-105,750,-950,99,96,MIN,9,95.23809524,u,28.5,95.23809524,OKC,3,10.52631579,OKC,-9,-100,o,-28.5,-100,MIN,-3,-100
03/11/2016-17:09:36,3/11/2016,510,BOVADA.lv,MIN,OKC,12,-12,-110,-110,224,N/A,N/A,N/A,N/A,99,96,MIN,9,90.90909091,N/A,N/A,N/A,N/A,N/A,N/A,OKC,-9,-100,N/A,N/A,N/A,N/A,N/A,N/A
03/11/2016-17:09:36,3/11/2016,510,BETONLINE.ag,MIN,OKC,12,-12,-110,-110,223.5,-110,-110,750,-1050,99,96,MIN,9,90.90909091,u,28.5,90.90909091,OKC,3,9.523809524,OKC,-9,-100,o,-28.5,-100,MIN,-3,-100
03/11/2016-17:09:36,3/11/2016,510,SportsBetting.ag,MIN,OKC,12,-12,-110,-110,223.5,-110,-110,750,-1050,99,96,MIN,9,90.90909091,u,28.5,90.90909091,OKC,3,9.523809524,OKC,-9,-100,o,-28.5,-100,MIN,-3,-100
03/11/2016-17:09:36,3/11/2016,506,Westgate,HOU,BOS,5.5,-5,-110,-110,223,-110,-110,190,-230,102,98,HOU,1,90.90909091,u,23,90.90909091,BOS,4,43.47826087,BOS,-1,-100,o,-23,-100,HOU,-4,-100
03/11/2016-17:09:36,3/11/2016,506,PinnacleSports.com,HOU,BOS,5.5,-5,-103,-107,222.5,-105,-105,186,-208,102,98,HOU,1,97.08737864,u,22.5,95.23809524,BOS,4,48.07692308,BOS,-1,-100,o,-22.5,-100,HOU,-4,-100
03/11/2016-17:09:36,3/11/2016,506,5Dimes.eu,HOU,BOS,5.5,-5,-103,-107,222.5,-105,-105,190,-210,102,98,HOU,1,97.08737864,u,22.5,95.23809524,BOS,4,47.61904762,BOS,-1,-100,o,-22.5,-100,HOU,-4,-100
03/11/2016-17:09:36,3/11/2016,506,BOVADA.lv,HOU,BOS,6,-6,-110,-110,223,N/A,N/A,200,-240,102,98,HOU,2,90.90909091,N/A,N/A,N/A,BOS,4,41.66666667,BOS,-2,-100,N/A,N/A,N/A,HOU,-4,-100
03/11/2016-17:09:36,3/11/2016,506,BETONLINE.ag,HOU,BOS,5.5,-5,-110,-110,222.5,-110,-110,190,-220,102,98,HOU,1,90.90909091,u,22.5,90.90909091,BOS,4,45.45454545,BOS,-1,-100,o,-22.5,-100,HOU,-4,-100
03/11/2016-17:09:36,3/11/2016,506,SportsBetting.ag,HOU,BOS,5.5,-5,-110,-110,222.5,-110,-110,190,-220,102,98,HOU,1,90.90909091,u,22.5,90.90909091,BOS,4,45.45454545,BOS,-1,-100,o,-22.5,-100,HOU,-4,-100
03/11/2016-17:09:36,3/11/2016,504,Westgate,DET,CHA,3.5,-3,-110,-110,202.5,-110,-110,150,-170,118,103,CHA,12,90.90909091,o,18.5,90.90909091,CHA,15,58.82352941,DET,-12,-100,u,-18.5,-100,DET,-15,-100
03/11/2016-17:09:36,3/11/2016,504,PinnacleSports.com,DET,CHA,4,-4,102,-113,203,-105,-105,148,-164,118,103,CHA,11,102,o,18,95.23809524,CHA,15,60.97560976,DET,-11,-100,u,-18,-100,DET,-15,-100
03/11/2016-17:09:36,3/11/2016,504,5Dimes.eu,DET,CHA,3.5,-3,-108,-102,203,-107,-103,155,-165,118,103,CHA,12,92.59259259,o,18,93.45794393,CHA,15,60.60606061,DET,-12,-100,u,-18,-100,DET,-15,-100
03/11/2016-17:09:36,3/11/2016,504,BOVADA.lv,DET,CHA,4.5,-4,-105,-115,203,N/A,N/A,150,-170,118,103,CHA,11,95.23809524,N/A,N/A,N/A,CHA,15,58.82352941,DET,-11,-100,N/A,N/A,N/A,DET,-15,-100
03/11/2016-17:09:36,3/11/2016,504,BETONLINE.ag,DET,CHA,4,-4,-105,-115,203,-110,-110,150,-170,118,103,CHA,11,95.23809524,o,18,90.90909091,CHA,15,58.82352941,DET,-11,-100,u,-18,-100,DET,-15,-100
03/11/2016-17:09:36,3/11/2016,504,SportsBetting.ag,DET,CHA,4,-4,-105,-115,203,-110,-110,150,-170,118,103,CHA,11,95.23809524,o,18,90.90909091,CHA,15,58.82352941,DET,-11,-100,u,-18,-100,DET,-15,-100
03/11/2016-17:09:36,3/11/2016,512,Westgate,MIA,CHI,-3.5,3,-115,-105,201,-110,-110,-155,135,118,96,CHI,25,86.95652174,o,13,90.90909091,CHI,22,135,MIA,-25,-100,u,-13,-100,MIA,-22,-100
03/11/2016-17:09:36,3/11/2016,512,PinnacleSports.com,MIA,CHI,-3.5,3,-113,102,201.5,-102,-108,-152,137,118,96,CHI,25,88.49557522,o,12.5,98.03921569,CHI,22,137,MIA,-25,-100,u,-12.5,-100,MIA,-22,-100
03/11/2016-17:09:36,3/11/2016,512,5Dimes.eu,MIA,CHI,-3,3,-103,-107,201.5,-105,-105,-150,140,118,96,CHI,25,97.08737864,o,12.5,95.23809524,CHI,22,140,MIA,-25,-100,u,-12.5,-100,MIA,-22,-100
03/11/2016-17:09:36,3/11/2016,512,BOVADA.lv,MIA,CHI,-3.5,3,-110,-110,202,N/A,N/A,N/A,N/A,118,96,CHI,25,90.90909091,N/A,N/A,N/A,N/A,N/A,N/A,MIA,-25,-100,N/A,N/A,N/A,N/A,N/A,N/A
03/11/2016-17:09:36,3/11/2016,512,BETONLINE.ag,MIA,CHI,-3,3,-110,-110,201.5,-110,-110,-150,130,118,96,CHI,25,90.90909091,o,12.5,90.90909091,CHI,22,130,MIA,-25,-100,u,-12.5,-100,MIA,-22,-100
03/11/2016-17:09:36,3/11/2016,512,SportsBetting.ag,MIA,CHI,-3,3,-110,-110,201.5,-110,-110,-150,130,118,96,CHI,25,90.90909091,o,12.5,90.90909091,CHI,22,130,MIA,-25,-100,u,-12.5,-100,MIA,-22,-100
03/11/2016-17:09:36,3/11/2016,502,Westgate,BKN,PHI,-2,2,-110,-110,210.5,-110,-110,-130,110,95,89,PHI,8,90.90909091,u,26.5,90.90909091,PHI,6,110,BKN,-8,-100,o,-26.5,-100,BKN,-6,-100
03/11/2016-17:09:36,3/11/2016,502,PinnacleSports.com,BKN,PHI,-2.5,2,-109,-101,210.5,-105,-105,-135,122,95,89,PHI,8,91.74311927,u,26.5,95.23809524,PHI,6,122,BKN,-8,-100,o,-26.5,-100,BKN,-6,-100
03/11/2016-17:09:36,3/11/2016,502,5Dimes.eu,BKN,PHI,-2,2,-103,-107,210.5,-105,-105,-135,125,95,89,PHI,8,97.08737864,u,26.5,95.23809524,PHI,6,125,BKN,-8,-100,o,-26.5,-100,BKN,-6,-100
03/11/2016-17:09:36,3/11/2016,502,BOVADA.lv,BKN,PHI,-2.5,2,-110,-110,210,N/A,N/A,N/A,N/A,95,89,PHI,8,90.90909091,N/A,N/A,N/A,N/A,N/A,N/A,BKN,-8,-100,N/A,N/A,N/A,N/A,N/A,N/A
03/11/2016-17:09:36,3/11/2016,502,BETONLINE.ag,BKN,PHI,-2,2,-110,-110,210.5,-110,-110,-135,115,95,89,PHI,8,90.90909091,u,26.5,90.90909091,PHI,6,115,BKN,-8,-100,o,-26.5,-100,BKN,-6,-100
03/11/2016-17:09:36,3/11/2016,502,SportsBetting.ag,BKN,PHI,-2,2,-110,-110,210.5,-110,-110,-135,115,95,89,PHI,8,90.90909091,u,26.5,90.90909091,PHI,6,115,BKN,-8,-100,o,-26.5,-100,BKN,-6,-100
03/11/2016-17:09:36,3/11/2016,508,Westgate,NO,MEM,-3,3,-110,-110,204.5,-110,-110,-150,130,121,114,MEM,10,90.90909091,o,30.5,90.90909091,MEM,7,130,NO,-10,-100,u,-30.5,-100,NO,-7,-100
03/11/2016-17:09:36,3/11/2016,508,PinnacleSports.com,NO,MEM,-3,3,100,-110,203.5,-102,-108,-145,131,121,114,MEM,10,100,o,31.5,98.03921569,MEM,7,131,NO,-10,-100,u,-31.5,-100,NO,-7,-100
03/11/2016-17:09:36,3/11/2016,508,5Dimes.eu,NO,MEM,-3,3,-102,-108,204.5,-105,-105,-145,135,121,114,MEM,10,98.03921569,o,30.5,95.23809524,MEM,7,135,NO,-10,-100,u,-30.5,-100,NO,-7,-100
03/11/2016-17:09:36,3/11/2016,508,BOVADA.lv,NO,MEM,-3,3,-110,-110,204,N/A,N/A,-150,130,121,114,MEM,10,90.90909091,N/A,N/A,N/A,MEM,7,130,NO,-10,-100,N/A,N/A,N/A,NO,-7,-100
03/11/2016-17:09:36,3/11/2016,508,BETONLINE.ag,NO,MEM,-3,3,-110,-110,204.5,-110,-110,-150,130,121,114,MEM,10,90.90909091,o,30.5,90.90909091,MEM,7,130,NO,-10,-100,u,-30.5,-100,NO,-7,-100
03/11/2016-17:09:36,3/11/2016,508,SportsBetting.ag,NO,MEM,-3,3,-110,-110,204.5,-110,-110,-150,130,121,114,MEM,10,90.90909091,o,30.5,90.90909091,MEM,7,130,NO,-10,-100,u,-30.5,-100,NO,-7,-100
03/11/2016-17:09:36,3/11/2016,516,Westgate,ORL,SAC,1.5,-1,-110,-110,218,-110,-110,100,-120,107,100,SAC,6,90.90909091,u,11,90.90909091,SAC,7,83.33333333,ORL,-6,-100,o,-11,-100,ORL,-7,-100
03/11/2016-17:09:36,3/11/2016,516,PinnacleSports.com,ORL,SAC,1.5,-1,-110,100,218.5,-107,-103,109,-120,107,100,SAC,6,90.90909091,u,11.5,93.45794393,SAC,7,83.33333333,ORL,-6,-100,o,-11.5,-100,ORL,-7,-100
03/11/2016-17:09:36,3/11/2016,516,5Dimes.eu,ORL,SAC,1.5,-1,-105,-105,218.5,-105,-105,108,-118,107,100,SAC,6,95.23809524,u,11.5,95.23809524,SAC,7,84.74576271,ORL,-6,-100,o,-11.5,-100,ORL,-7,-100
03/11/2016-17:09:36,3/11/2016,516,BOVADA.lv,ORL,SAC,1.5,-1,-110,-110,218,N/A,N/A,N/A,N/A,107,100,SAC,6,90.90909091,N/A,N/A,N/A,N/A,N/A,N/A,ORL,-6,-100,N/A,N/A,N/A,N/A,N/A,N/A
03/11/2016-17:09:36,3/11/2016,516,BETONLINE.ag,ORL,SAC,1.5,-1,-110,-110,218,-110,-110,105,-125,107,100,SAC,6,90.90909091,u,11,90.90909091,SAC,7,80,ORL,-6,-100,o,-11,-100,ORL,-7,-100
03/11/2016-17:09:36,3/11/2016,516,SportsBetting.ag,ORL,SAC,1.5,-1,-110,-110,218,-110,-110,105,-125,107,100,SAC,6,90.90909091,u,11,90.90909091,SAC,7,80,ORL,-6,-100,o,-11,-100,ORL,-7,-100
03/11/2016-17:09:36,3/11/2016,514,Westgate,WSH,UTAH,4.5,-4,-110,-110,197.5,-110,-110,165,-185,114,93,UTAH,17,90.90909091,o,9.5,90.90909091,UTAH,21,54.05405405,WSH,-17,-100,u,-9.5,-100,WSH,-21,-100
03/11/2016-17:09:36,3/11/2016,514,PinnacleSports.com,WSH,UTAH,4.5,-4,-105,-105,198,100,-110,163,-181,114,93,UTAH,17,95.23809524,o,9,100,UTAH,21,55.24861878,WSH,-17,-100,u,-9,-100,WSH,-21,-100
03/11/2016-17:09:36,3/11/2016,514,5Dimes.eu,WSH,UTAH,4.5,-4,-105,-105,198,-101,-109,165,-175,114,93,UTAH,17,95.23809524,o,9,99.00990099,UTAH,21,57.14285714,WSH,-17,-100,u,-9,-100,WSH,-21,-100
03/11/2016-17:09:36,3/11/2016,514,BOVADA.lv,WSH,UTAH,4.5,-4,-105,-115,198,N/A,N/A,165,-190,114,93,UTAH,17,95.23809524,N/A,N/A,N/A,UTAH,21,52.63157895,WSH,-17,-100,N/A,N/A,N/A,WSH,-21,-100
03/11/2016-17:09:36,3/11/2016,514,BETONLINE.ag,WSH,UTAH,4,-4,-115,-105,197.5,-110,-110,155,-175,114,93,UTAH,17,86.95652174,o,9.5,90.90909091,UTAH,21,57.14285714,WSH,-17,-100,u,-9.5,-100,WSH,-21,-100
03/11/2016-17:09:36,3/11/2016,514,SportsBetting.ag,WSH,UTAH,4,-4,-115,-105,197.5,-110,-110,155,-175,114,93,UTAH,17,86.95652174,o,9.5,90.90909091,UTAH,21,57.14285714,WSH,-17,-100,u,-9.5,-100,WSH,-21,-100
03/12/2016-18:36:38,3/12/2016,706,Westgate,HOU,CHA,5.5,-5,-110,-110,216,-110,-110,190,-230,125,109,CHA,11,90.90909091,o,18,90.90909091,CHA,16,43.47826087,HOU,-11,-100,u,-18,-100,HOU,-16,-100
03/12/2016-18:36:38,3/12/2016,706,PinnacleSports.com,HOU,CHA,5.5,-5,100,-110,215,-106,-104,193,-215,125,109,CHA,11,100,o,19,94.33962264,CHA,16,46.51162791,HOU,-11,-100,u,-19,-100,HOU,-16,-100
03/12/2016-18:36:38,3/12/2016,706,5Dimes.eu,HOU,CHA,5.5,-5,-103,-107,216,-102,-108,190,-210,125,109,CHA,11,97.08737864,o,18,98.03921569,CHA,16,47.61904762,HOU,-11,-100,u,-18,-100,HOU,-16,-100
03/12/2016-18:36:38,3/12/2016,706,BOVADA.lv,HOU,CHA,5.5,-5,-110,-110,215,N/A,N/A,185,-225,125,109,CHA,11,90.90909091,N/A,N/A,N/A,CHA,16,44.44444444,HOU,-11,-100,N/A,N/A,N/A,HOU,-16,-100
03/12/2016-18:36:38,3/12/2016,706,BETONLINE.ag,HOU,CHA,5,-5,-112,-108,216,-110,-110,178,-208,125,109,CHA,11,89.28571429,o,18,90.90909091,CHA,16,48.07692308,HOU,-11,-100,u,-18,-100,HOU,-16,-100
03/12/2016-18:36:38,3/12/2016,706,SportsBetting.ag,HOU,CHA,5,-5,-112,-108,216,-110,-110,178,-208,125,109,CHA,11,89.28571429,o,18,90.90909091,CHA,16,48.07692308,HOU,-11,-100,u,-18,-100,HOU,-16,-100
03/12/2016-18:36:38,3/12/2016,718,Westgate,ORL,POR,8,-8,-110,-110,215.5,-110,-110,300,-365,121,84,POR,29,90.90909091,u,10.5,90.90909091,POR,37,27.39726027,ORL,-29,-100,o,-10.5,-100,ORL,-37,-100
03/12/2016-18:36:38,3/12/2016,718,PinnacleSports.com,ORL,POR,8,-8,-109,-101,215.5,-105,-105,326,-375,121,84,POR,29,91.74311927,u,10.5,95.23809524,POR,37,26.66666667,ORL,-29,-100,o,-10.5,-100,ORL,-37,-100
03/12/2016-18:36:38,3/12/2016,718,5Dimes.eu,ORL,POR,8.5,-8,-105,-105,215.5,-105,-105,340,-380,121,84,POR,29,95.23809524,u,10.5,95.23809524,POR,37,26.31578947,ORL,-29,-100,o,-10.5,-100,ORL,-37,-100
03/12/2016-18:36:38,3/12/2016,718,BOVADA.lv,ORL,POR,8,-8,-110,-110,215,N/A,N/A,290,-380,121,84,POR,29,90.90909091,N/A,N/A,N/A,POR,37,26.31578947,ORL,-29,-100,N/A,N/A,N/A,ORL,-37,-100
03/12/2016-18:36:38,3/12/2016,718,BETONLINE.ag,ORL,POR,8.5,-8,-110,-110,215.5,-110,-110,340,-410,121,84,POR,29,90.90909091,u,10.5,90.90909091,POR,37,24.3902439,ORL,-29,-100,o,-10.5,-100,ORL,-37,-100
03/12/2016-18:36:38,3/12/2016,718,SportsBetting.ag,ORL,POR,8.5,-8,-110,-110,215.5,-110,-110,340,-410,121,84,POR,29,90.90909091,u,10.5,90.90909091,POR,37,24.3902439,ORL,-29,-100,o,-10.5,-100,ORL,-37,-100
03/12/2016-18:36:38,3/12/2016,716,Westgate,WSH,DEN,1,-1,-110,-110,213.5,-110,-110,-105,-115,116,100,DEN,15,90.90909091,o,2.5,90.90909091,DEN,16,86.95652174,WSH,-15,-100,u,-2.5,-100,WSH,-16,-100
03/12/2016-18:36:38,3/12/2016,716,PinnacleSports.com,WSH,DEN,-1,1,-103,-107,213,-105,-105,-110,100,116,100,DEN,17,97.08737864,o,3,95.23809524,DEN,16,100,WSH,-17,-100,u,-3,-100,WSH,-16,-100
03/12/2016-18:36:38,3/12/2016,716,5Dimes.eu,WSH,DEN,-1,1,-105,-105,213,-108,-102,-113,103,116,100,DEN,17,95.23809524,o,3,92.59259259,DEN,16,103,WSH,-17,-100,u,-3,-100,WSH,-16,-100
03/12/2016-18:36:38,3/12/2016,716,BOVADA.lv,WSH,DEN,N/A,N/A,N/A,N/A,213,N/A,N/A,N/A,N/A,116,100,N/A,N/A,N/A,N/A,N/A,N/A,N/A,N/A,N/A,N/A,N/A,N/A,N/A,N/A,N/A,N/A,N/A,N/A
03/12/2016-18:36:38,3/12/2016,716,BETONLINE.ag,WSH,DEN,-1,1,-110,-110,213,-110,-110,-115,-105,116,100,DEN,17,90.90909091,o,3,90.90909091,DEN,16,95.23809524,WSH,-17,-100,u,-3,-100,WSH,-16,-100
03/12/2016-18:36:38,3/12/2016,716,SportsBetting.ag,WSH,DEN,-1,1,-110,-110,213,-110,-110,-115,-105,116,100,DEN,17,90.90909091,o,3,90.90909091,DEN,16,95.23809524,WSH,-17,-100,u,-3,-100,WSH,-16,-100
03/12/2016-18:36:38,3/12/2016,710,Westgate,NO,MIL,6.5,-6,-115,-105,211.5,-110,-110,230,-290,103,92,MIL,5,86.95652174,u,16.5,90.90909091,MIL,11,34.48275862,NO,-5,-100,o,-16.5,-100,NO,-11,-100
03/12/2016-18:36:38,3/12/2016,710,PinnacleSports.com,NO,MIL,6.5,-6,-104,-106,212,-105,-105,231,-260,103,92,MIL,5,96.15384615,u,17,95.23809524,MIL,11,38.46153846,NO,-5,-100,o,-17,-100,NO,-11,-100
03/12/2016-18:36:38,3/12/2016,710,5Dimes.eu,NO,MIL,6.5,-6,-105,-105,212,-104,-106,235,-255,103,92,MIL,5,95.23809524,u,17,96.15384615,MIL,11,39.21568627,NO,-5,-100,o,-17,-100,NO,-11,-100
03/12/2016-18:36:38,3/12/2016,710,BOVADA.lv,NO,MIL,6.5,-6,-115,-105,212,N/A,N/A,235,-275,103,92,MIL,5,86.95652174,N/A,N/A,N/A,MIL,11,36.36363636,NO,-5,-100,N/A,N/A,N/A,NO,-11,-100
03/12/2016-18:36:38,3/12/2016,710,BETONLINE.ag,NO,MIL,6.5,-6,-110,-110,212,-110,-110,225,-265,103,92,MIL,5,90.90909091,u,17,90.90909091,MIL,11,37.73584906,NO,-5,-100,o,-17,-100,NO,-11,-100
03/12/2016-18:36:38,3/12/2016,710,SportsBetting.ag,NO,MIL,6.5,-6,-110,-110,212,-110,-110,225,-265,103,92,MIL,5,90.90909091,u,17,90.90909091,MIL,11,37.73584906,NO,-5,-100,o,-17,-100,NO,-11,-100
03/12/2016-18:36:38,3/12/2016,704,Westgate,DET,PHI,-11.5,11,-110,-110,206,-110,-110,-820,595,125,111,PHI,25,90.90909091,o,30,90.90909091,PHI,14,595,DET,-25,-100,u,-30,-100,DET,-14,-100
03/12/2016-18:36:38,3/12/2016,704,PinnacleSports.com,DET,PHI,-11,11,-103,-107,207,-101,-109,-700,569,125,111,PHI,25,97.08737864,o,29,99.00990099,PHI,14,569,DET,-25,-100,u,-29,-100,DET,-14,-100
03/12/2016-18:36:38,3/12/2016,704,5Dimes.eu,DET,PHI,-11.5,11,-108,-102,206,-105,-105,-700,568,125,111,PHI,25,92.59259259,o,30,95.23809524,PHI,14,568,DET,-25,-100,u,-30,-100,DET,-14,-100
03/12/2016-18:36:38,3/12/2016,704,BOVADA.lv,DET,PHI,-11.5,11,-105,-115,206,N/A,N/A,N/A,N/A,125,111,PHI,25,95.23809524,N/A,N/A,N/A,N/A,N/A,N/A,DET,-25,-100,N/A,N/A,N/A,N/A,N/A,N/A
03/12/2016-18:36:38,3/12/2016,704,BETONLINE.ag,DET,PHI,-11,11,-105,-115,205.5,-110,-110,-725,560,125,111,PHI,25,95.23809524,o,30.5,90.90909091,PHI,14,560,DET,-25,-100,u,-30.5,-100,DET,-14,-100
03/12/2016-18:36:38,3/12/2016,704,SportsBetting.ag,DET,PHI,-11,11,-105,-115,205.5,-110,-110,-725,560,125,111,PHI,25,95.23809524,o,30.5,90.90909091,PHI,14,560,DET,-25,-100,u,-30.5,-100,DET,-14,-100
03/12/2016-18:36:38,3/12/2016,714,Westgate,OKC,SA,8.5,-8,-105,-115,211,-110,-110,325,-400,93,85,N/A,0,0,u,33,90.90909091,SA,8,25,N/A,0,0,o,-33,-100,OKC,-8,-100
03/12/2016-18:36:38,3/12/2016,714,PinnacleSports.com,OKC,SA,8.5,-8,-101,-109,211,-105,-105,334,-385,93,85,N/A,0,0,u,33,95.23809524,SA,8,25.97402597,N/A,0,0,o,-33,-100,OKC,-8,-100
03/12/2016-18:36:38,3/12/2016,714,5Dimes.eu,OKC,SA,8.5,-8,-103,-107,211,-105,-105,330,-370,93,85,N/A,0,0,u,33,95.23809524,SA,8,27.02702703,N/A,0,0,o,-33,-100,OKC,-8,-100
03/12/2016-18:36:38,3/12/2016,714,BOVADA.lv,OKC,SA,8,-8,-110,-110,211,N/A,N/A,300,-400,93,85,N/A,0,0,N/A,N/A,N/A,SA,8,25,N/A,0,0,N/A,N/A,N/A,OKC,-8,-100
03/12/2016-18:36:38,3/12/2016,714,BETONLINE.ag,OKC,SA,8.5,-8,-105,-115,211,-110,-110,315,-375,93,85,N/A,0,0,u,33,90.90909091,SA,8,26.66666667,N/A,0,0,o,-33,-100,OKC,-8,-100
03/12/2016-18:36:38,3/12/2016,714,SportsBetting.ag,OKC,SA,8.5,-8,-105,-115,211,-110,-110,315,-375,93,85,N/A,0,0,u,33,90.90909091,SA,8,26.66666667,N/A,0,0,o,-33,-100,OKC,-8,-100
03/12/2016-18:36:38,3/12/2016,708,Westgate,MIA,TOR,6.5,-6,-110,-110,201.5,-110,-110,210,-260,112,104,TOR,2,90.90909091,o,14.5,90.90909091,TOR,8,38.46153846,MIA,-2,-100,u,-14.5,-100,MIA,-8,-100
03/12/2016-18:36:38,3/12/2016,708,PinnacleSports.com,MIA,TOR,6.5,-6,-113,102,202,-105,-105,222,-250,112,104,TOR,2,88.49557522,o,14,95.23809524,TOR,8,40,MIA,-2,-100,u,-14,-100,MIA,-8,-100
03/12/2016-18:36:38,3/12/2016,708,5Dimes.eu,MIA,TOR,6.5,-6,-102,-108,202.5,-107,-103,230,-250,112,104,TOR,2,98.03921569,o,13.5,93.45794393,TOR,8,40,MIA,-2,-100,u,-13.5,-100,MIA,-8,-100
03/12/2016-18:36:38,3/12/2016,708,BOVADA.lv,MIA,TOR,6.5,-6,-115,-105,202,N/A,N/A,220,-260,112,104,TOR,2,86.95652174,N/A,N/A,N/A,TOR,8,38.46153846,MIA,-2,-100,N/A,N/A,N/A,MIA,-8,-100
03/12/2016-18:36:38,3/12/2016,708,BETONLINE.ag,MIA,TOR,6.5,-6,-110,-110,203,-110,-110,225,-265,112,104,TOR,2,90.90909091,o,13,90.90909091,TOR,8,37.73584906,MIA,-2,-100,u,-13,-100,MIA,-8,-100
03/12/2016-18:36:38,3/12/2016,708,SportsBetting.ag,MIA,TOR,6.5,-6,-110,-110,203,-110,-110,225,-265,112,104,TOR,2,90.90909091,o,13,90.90909091,TOR,8,37.73584906,MIA,-2,-100,u,-13,-100,MIA,-8,-100
03/12/2016-18:36:38,3/12/2016,712,Westgate,MEM,ATL,14,-14,-115,-105,193,-110,-110,1000,-2000,95,83,MEM,2,86.95652174,u,15,90.90909091,ATL,12,5,ATL,-2,-100,o,-15,-100,MEM,-12,-100
03/12/2016-18:36:38,3/12/2016,712,PinnacleSports.com,MEM,ATL,14,-14,-109,-101,194.5,-105,-105,1051,-1500,95,83,MEM,2,91.74311927,u,16.5,95.23809524,ATL,12,6.666666667,ATL,-2,-100,o,-16.5,-100,MEM,-12,-100
03/12/2016-18:36:38,3/12/2016,712,5Dimes.eu,MEM,ATL,14,-14,-109,-101,193,-105,-105,1150,-1450,95,83,MEM,2,91.74311927,u,15,95.23809524,ATL,12,6.896551724,ATL,-2,-100,o,-15,-100,MEM,-12,-100
03/12/2016-18:36:38,3/12/2016,712,BOVADA.lv,MEM,ATL,13.5,-13,-115,-105,193,N/A,N/A,N/A,N/A,95,83,MEM,1,86.95652174,N/A,N/A,N/A,N/A,N/A,N/A,ATL,-1,-100,N/A,N/A,N/A,N/A,N/A,N/A
03/12/2016-18:36:38,3/12/2016,712,BETONLINE.ag,MEM,ATL,14,-14,-113,-107,193,-110,-110,1025,-1600,95,83,MEM,2,88.49557522,u,15,90.90909091,ATL,12,6.25,ATL,-2,-100,o,-15,-100,MEM,-12,-100
03/12/2016-18:36:38,3/12/2016,712,SportsBetting.ag,MEM,ATL,14,-14,-113,-107,193,-110,-110,1025,-1600,95,83,MEM,2,88.49557522,u,15,90.90909091,ATL,12,6.25,ATL,-2,-100,o,-15,-100,MEM,-12,-100
03/12/2016-18:36:38,3/12/2016,720,Westgate,PHX,GS,18,-18,-110,-110,228,-110,-110,2000,-7000,123,116,PHX,11,90.90909091,o,11,90.90909091,GS,7,1.428571429,GS,-11,-100,u,-11,-100,PHX,-7,-100
03/12/2016-18:36:38,3/12/2016,720,PinnacleSports.com,PHX,GS,18,-18,-105,-105,228,-108,-102,2277,-5555,123,116,PHX,11,95.23809524,o,11,92.59259259,GS,7,1.800180018,GS,-11,-100,u,-11,-100,PHX,-7,-100
03/12/2016-18:36:38,3/12/2016,720,5Dimes.eu,PHX,GS,18,-18,-105,-105,228,-105,-105,2400,-3300,123,116,PHX,11,95.23809524,o,11,95.23809524,GS,7,3.03030303,GS,-11,-100,u,-11,-100,PHX,-7,-100
03/12/2016-18:36:38,3/12/2016,720,BOVADA.lv,PHX,GS,18,-18,-115,-105,228,N/A,N/A,N/A,N/A,123,116,PHX,11,86.95652174,N/A,N/A,N/A,N/A,N/A,N/A,GS,-11,-100,N/A,N/A,N/A,N/A,N/A,N/A
03/12/2016-18:36:38,3/12/2016,720,BETONLINE.ag,PHX,GS,18,-18,-105,-115,228,-110,-110,N/A,N/A,123,116,PHX,11,95.23809524,o,11,90.90909091,N/A,N/A,N/A,GS,-11,-100,u,-11,-100,N/A,N/A,N/A
03/12/2016-18:36:38,3/12/2016,720,SportsBetting.ag,PHX,GS,18,-18,-105,-115,228,-110,-110,N/A,N/A,123,116,PHX,11,95.23809524,o,11,90.90909091,N/A,N/A,N/A,GS,-11,-100,u,-11,-100,N/A,N/A,N/A
03/12/2016-18:36:38,3/12/2016,702,Westgate,IND,DAL,1.5,-1,-110,-110,203.5,-110,-110,100,-120,112,105,DAL,6,90.90909091,o,13.5,90.90909091,DAL,7,83.33333333,IND,-6,-100,u,-13.5,-100,IND,-7,-100
03/12/2016-18:36:38,3/12/2016,702,PinnacleSports.com,IND,DAL,1,-1,-105,-105,203.5,-103,-107,100,-110,112,105,DAL,6,95.23809524,o,13.5,97.08737864,DAL,7,90.90909091,IND,-6,-100,u,-13.5,-100,IND,-7,-100
03/12/2016-18:36:38,3/12/2016,702,5Dimes.eu,IND,DAL,1.5,-1,-102,-118,203,-117,-103,100,-120,112,105,DAL,6,98.03921569,o,14,85.47008547,DAL,7,83.33333333,IND,-6,-100,u,-14,-100,IND,-7,-100
03/12/2016-18:36:38,3/12/2016,702,BOVADA.lv,IND,DAL,1,-1,-110,-110,205,N/A,N/A,N/A,N/A,112,105,DAL,6,90.90909091,N/A,N/A,N/A,N/A,N/A,N/A,IND,-6,-100,N/A,N/A,N/A,N/A,N/A,N/A
03/12/2016-18:36:38,3/12/2016,702,BETONLINE.ag,IND,DAL,1,-1,-110,-110,203,-110,-110,-116,-104,112,105,DAL,6,90.90909091,o,14,90.90909091,DAL,7,96.15384615,IND,-6,-100,u,-14,-100,IND,-7,-100
03/12/2016-18:36:38,3/12/2016,702,SportsBetting.ag,IND,DAL,1,-1,-110,-110,203,-110,-110,-116,-104,112,105,DAL,6,90.90909091,o,14,90.90909091,DAL,7,96.15384615,IND,-6,-100,u,-14,-100,IND,-7,-100
03/13/2016-14:04:26,3/13/2016,878,Westgate,MIL,BKN,-1.5,1,-110,-110,206,-110,-110,-125,105,109,100,BKN,10,90.90909091,o,3,90.90909091,BKN,9,105,MIL,-10,-100,u,-3,-100,MIL,-9,-100
03/13/2016-14:04:26,3/13/2016,878,PinnacleSports.com,MIL,BKN,-1.5,1,-102,-108,206,-103,-107,-118,107,109,100,BKN,10,98.03921569,o,3,97.08737864,BKN,9,107,MIL,-10,-100,u,-3,-100,MIL,-9,-100
03/13/2016-14:04:26,3/13/2016,878,5Dimes.eu,MIL,BKN,-2,2,-105,-105,206,-108,-102,-128,118,109,100,BKN,11,95.23809524,o,3,92.59259259,BKN,9,118,MIL,-11,-100,u,-3,-100,MIL,-9,-100
03/13/2016-14:04:26,3/13/2016,878,BOVADA.lv,MIL,BKN,-2,2,-115,-105,206,N/A,N/A,N/A,N/A,109,100,BKN,11,86.95652174,N/A,N/A,N/A,N/A,N/A,N/A,MIL,-11,-100,N/A,N/A,N/A,N/A,N/A,N/A
03/13/2016-14:04:26,3/13/2016,878,BETONLINE.ag,MIL,BKN,-1.5,1,-110,-110,206,-110,-110,-125,105,109,100,BKN,10,90.90909091,o,3,90.90909091,BKN,9,105,MIL,-10,-100,u,-3,-100,MIL,-9,-100
03/13/2016-14:04:26,3/13/2016,878,SportsBetting.ag,MIL,BKN,-1.5,1,-110,-110,206,-110,-110,-125,105,109,100,BKN,10,90.90909091,o,3,90.90909091,BKN,9,105,MIL,-10,-100,u,-3,-100,MIL,-9,-100
03/13/2016-14:04:26,3/13/2016,876,Westgate,UTAH,SAC,-1.5,1,-110,-110,206,-110,-110,-125,105,108,99,SAC,10,90.90909091,o,1,90.90909091,SAC,9,105,UTAH,-10,-100,u,-1,-100,UTAH,-9,-100
03/13/2016-14:04:26,3/13/2016,876,PinnacleSports.com,UTAH,SAC,-1.5,1,-105,-105,204.5,-110,100,-118,107,108,99,SAC,10,95.23809524,o,2.5,90.90909091,SAC,9,107,UTAH,-10,-100,u,-2.5,-100,UTAH,-9,-100
03/13/2016-14:04:26,3/13/2016,876,5Dimes.eu,UTAH,SAC,-1.5,1,-105,-105,206,-102,-108,-120,110,108,99,SAC,10,95.23809524,o,1,98.03921569,SAC,9,110,UTAH,-10,-100,u,-1,-100,UTAH,-9,-100
03/13/2016-14:04:26,3/13/2016,876,BOVADA.lv,UTAH,SAC,-1.5,1,-110,-110,206,N/A,N/A,N/A,N/A,108,99,SAC,10,90.90909091,N/A,N/A,N/A,N/A,N/A,N/A,UTAH,-10,-100,N/A,N/A,N/A,N/A,N/A,N/A
03/13/2016-14:04:26,3/13/2016,876,BETONLINE.ag,UTAH,SAC,-1.5,1,-110,-110,205.5,-110,-110,-125,105,108,99,SAC,10,90.90909091,o,1.5,90.90909091,SAC,9,105,UTAH,-10,-100,u,-1.5,-100,UTAH,-9,-100
03/13/2016-14:04:26,3/13/2016,876,SportsBetting.ag,UTAH,SAC,-1.5,1,-110,-110,205.5,-110,-110,-125,105,108,99,SAC,10,90.90909091,o,1.5,90.90909091,SAC,9,105,UTAH,-10,-100,u,-1.5,-100,UTAH,-9,-100
03/13/2016-14:04:26,3/13/2016,872,Westgate,CLE,LAC,-2,2,-110,-110,208,-110,-110,-133,113,114,90,LAC,26,90.90909091,u,4,90.90909091,LAC,24,113,CLE,-26,-100,o,-4,-100,CLE,-24,-100
03/13/2016-14:04:26,3/13/2016,872,PinnacleSports.com,CLE,LAC,-2,2,-106,-104,207.5,-103,-107,-127,115,114,90,LAC,26,94.33962264,u,3.5,97.08737864,LAC,24,115,CLE,-26,-100,o,-3.5,-100,CLE,-24,-100
03/13/2016-14:04:26,3/13/2016,872,5Dimes.eu,CLE,LAC,-2,2,-105,-105,208,-103,-107,-125,115,114,90,LAC,26,95.23809524,u,4,97.08737864,LAC,24,115,CLE,-26,-100,o,-4,-100,CLE,-24,-100
03/13/2016-14:04:26,3/13/2016,872,BOVADA.lv,CLE,LAC,-2.5,2,-110,-110,208,N/A,N/A,N/A,N/A,114,90,LAC,26,90.90909091,N/A,N/A,N/A,N/A,N/A,N/A,CLE,-26,-100,N/A,N/A,N/A,N/A,N/A,N/A
03/13/2016-14:04:26,3/13/2016,872,BETONLINE.ag,CLE,LAC,-2,2,-110,-110,207.5,-110,-110,-135,115,114,90,LAC,26,90.90909091,u,3.5,90.90909091,LAC,24,115,CLE,-26,-100,o,-3.5,-100,CLE,-24,-100
03/13/2016-14:04:26,3/13/2016,872,SportsBetting.ag,CLE,LAC,-2,2,-110,-110,207.5,-110,-110,-135,115,114,90,LAC,26,90.90909091,u,3.5,90.90909091,LAC,24,115,CLE,-26,-100,o,-3.5,-100,CLE,-24,-100
03/13/2016-14:04:26,3/13/2016,880,Westgate,NY,LAL,-2,2,-115,-105,207.5,-110,-110,-130,110,90,87,LAL,5,86.95652174,u,30.5,90.90909091,LAL,3,110,NY,-5,-100,o,-30.5,-100,NY,-3,-100
03/13/2016-14:04:26,3/13/2016,880,PinnacleSports.com,NY,LAL,-2,2,-105,-105,207.5,-108,-102,-124,112,90,87,LAL,5,95.23809524,u,30.5,92.59259259,LAL,3,112,NY,-5,-100,o,-30.5,-100,NY,-3,-100
03/13/2016-14:04:26,3/13/2016,880,5Dimes.eu,NY,LAL,-2,2,-105,-105,207.5,-105,-105,-125,115,90,87,LAL,5,95.23809524,u,30.5,95.23809524,LAL,3,115,NY,-5,-100,o,-30.5,-100,NY,-3,-100
03/13/2016-14:04:26,3/13/2016,880,BOVADA.lv,NY,LAL,-2,2,-110,-110,207,N/A,N/A,N/A,N/A,90,87,LAL,5,90.90909091,N/A,N/A,N/A,N/A,N/A,N/A,NY,-5,-100,N/A,N/A,N/A,N/A,N/A,N/A
03/13/2016-14:04:26,3/13/2016,880,BETONLINE.ag,NY,LAL,-2,2,-110,-110,208,-110,-110,-130,110,90,87,LAL,5,90.90909091,u,31,90.90909091,LAL,3,110,NY,-5,-100,o,-31,-100,NY,-3,-100
03/13/2016-14:04:26,3/13/2016,880,SportsBetting.ag,NY,LAL,-2,2,-110,-110,208,-110,-110,-130,110,90,87,LAL,5,90.90909091,u,31,90.90909091,LAL,3,110,NY,-5,-100,o,-31,-100,NY,-3,-100
03/13/2016-14:04:26,3/13/2016,874,Westgate,IND,ATL,5,-5,-110,-110,197.5,-110,-110,185,-215,104,75,ATL,24,90.90909091,u,18.5,90.90909091,ATL,29,46.51162791,IND,-24,-100,o,-18.5,-100,IND,-29,-100
03/13/2016-14:04:26,3/13/2016,874,PinnacleSports.com,IND,ATL,5,-5,-110,100,197.5,-109,-101,185,-206,104,75,ATL,24,90.90909091,u,18.5,91.74311927,ATL,29,48.54368932,IND,-24,-100,o,-18.5,-100,IND,-29,-100
03/13/2016-14:04:26,3/13/2016,874,5Dimes.eu,IND,ATL,5,-5,-105,-105,197.5,-105,-105,185,-200,104,75,ATL,24,95.23809524,u,18.5,95.23809524,ATL,29,50,IND,-24,-100,o,-18.5,-100,IND,-29,-100
03/13/2016-14:04:26,3/13/2016,874,BOVADA.lv,IND,ATL,5,-5,-110,-110,197,N/A,N/A,N/A,N/A,104,75,ATL,24,90.90909091,N/A,N/A,N/A,N/A,N/A,N/A,IND,-24,-100,N/A,N/A,N/A,N/A,N/A,N/A
03/13/2016-14:04:26,3/13/2016,874,BETONLINE.ag,IND,ATL,5,-5,-112,-108,197.5,-110,-110,185,-215,104,75,ATL,24,89.28571429,u,18.5,90.90909091,ATL,29,46.51162791,IND,-24,-100,o,-18.5,-100,IND,-29,-100
03/13/2016-14:04:26,3/13/2016,874,SportsBetting.ag,IND,ATL,5,-5,-112,-108,197.5,-110,-110,185,-215,104,75,ATL,24,89.28571429,u,18.5,90.90909091,ATL,29,46.51162791,IND,-24,-100,o,-18.5,-100,IND,-29,-100
03/14/2016-16:33:35,3/14/2016,512,Westgate,POR,OKC,8,-8,-105,-115,220,-110,-110,275,-340,128,94,OKC,26,95.23809524,o,2,90.90909091,OKC,34,29.41176471,POR,-26,-100,u,-2,-100,POR,-34,-100
03/14/2016-16:33:35,3/14/2016,512,PinnacleSports.com,POR,OKC,7.5,-7,-102,-108,221,102,-113,285,-325,128,94,OKC,27,98.03921569,o,1,102,OKC,34,30.76923077,POR,-27,-100,u,-1,-100,POR,-34,-100
03/14/2016-16:33:35,3/14/2016,512,5Dimes.eu,POR,OKC,7.5,-7,-103,-107,220,-105,-105,295,-325,128,94,OKC,27,97.08737864,o,2,95.23809524,OKC,34,30.76923077,POR,-27,-100,u,-2,-100,POR,-34,-100
03/14/2016-16:33:35,3/14/2016,512,BOVADA.lv,POR,OKC,7.5,-7,-110,-110,219,N/A,N/A,N/A,N/A,128,94,OKC,27,90.90909091,N/A,N/A,N/A,N/A,N/A,N/A,POR,-27,-100,N/A,N/A,N/A,N/A,N/A,N/A
03/14/2016-16:33:35,3/14/2016,512,BETONLINE.ag,POR,OKC,7.5,-7,-110,-110,218.5,-110,-110,275,-330,128,94,OKC,27,90.90909091,o,3.5,90.90909091,OKC,34,30.3030303,POR,-27,-100,u,-3.5,-100,POR,-34,-100
03/14/2016-16:33:35,3/14/2016,512,SportsBetting.ag,POR,OKC,7.5,-7,-110,-110,218.5,-110,-110,275,-330,128,94,OKC,27,90.90909091,o,3.5,90.90909091,OKC,34,30.3030303,POR,-27,-100,u,-3.5,-100,POR,-34,-100
03/14/2016-16:33:35,3/14/2016,502,Westgate,DET,WSH,1.5,-1,-110,-110,208.5,-110,-110,100,-120,124,81,WSH,42,90.90909091,u,3.5,90.90909091,WSH,43,83.33333333,DET,-42,-100,o,-3.5,-100,DET,-43,-100
03/14/2016-16:33:35,3/14/2016,502,PinnacleSports.com,DET,WSH,1.5,-1,-105,-105,208.5,100,-110,105,-116,124,81,WSH,42,95.23809524,u,3.5,100,WSH,43,86.20689655,DET,-42,-100,o,-3.5,-100,DET,-43,-100
03/14/2016-16:33:35,3/14/2016,502,5Dimes.eu,DET,WSH,1.5,-1,-105,-105,208.5,-107,-103,108,-118,124,81,WSH,42,95.23809524,u,3.5,93.45794393,WSH,43,84.74576271,DET,-42,-100,o,-3.5,-100,DET,-43,-100
03/14/2016-16:33:35,3/14/2016,502,BOVADA.lv,DET,WSH,N/A,N/A,N/A,N/A,N/A,N/A,N/A,N/A,N/A,124,81,N/A,N/A,N/A,N/A,N/A,N/A,N/A,N/A,N/A,N/A,N/A,N/A,N/A,N/A,N/A,N/A,N/A,N/A
03/14/2016-16:33:35,3/14/2016,502,BETONLINE.ag,DET,WSH,1.5,-1,-110,-110,208.5,-110,-110,103,-123,124,81,WSH,42,90.90909091,u,3.5,90.90909091,WSH,43,81.30081301,DET,-42,-100,o,-3.5,-100,DET,-43,-100
03/14/2016-16:33:35,3/14/2016,502,SportsBetting.ag,DET,WSH,1.5,-1,-110,-110,208.5,-110,-110,103,-123,124,81,WSH,42,90.90909091,u,3.5,90.90909091,WSH,43,81.30081301,DET,-42,-100,o,-3.5,-100,DET,-43,-100
03/14/2016-16:33:35,3/14/2016,508,Westgate,CHI,TOR,9,-9,-105,-115,207,-110,-110,355,-450,109,107,CHI,7,95.23809524,o,9,90.90909091,TOR,2,22.22222222,TOR,-7,-100,u,-9,-100,CHI,-2,-100
03/14/2016-16:33:35,3/14/2016,508,PinnacleSports.com,CHI,TOR,9,-9,-102,-108,206.5,-110,100,380,-444,109,107,CHI,7,98.03921569,o,9.5,90.90909091,TOR,2,22.52252252,TOR,-7,-100,u,-9.5,-100,CHI,-2,-100
03/14/2016-16:33:35,3/14/2016,508,5Dimes.eu,CHI,TOR,9,-9,-102,-108,207,-102,-108,390,-440,109,107,CHI,7,98.03921569,o,9,98.03921569,TOR,2,22.72727273,TOR,-7,-100,u,-9,-100,CHI,-2,-100
03/14/2016-16:33:35,3/14/2016,508,BOVADA.lv,CHI,TOR,9.5,-9,-105,-115,206,N/A,N/A,N/A,N/A,109,107,CHI,7,95.23809524,N/A,N/A,N/A,N/A,N/A,N/A,TOR,-7,-100,N/A,N/A,N/A,N/A,N/A,N/A
03/14/2016-16:33:35,3/14/2016,508,BETONLINE.ag,CHI,TOR,9,-9,-110,-110,206.5,-110,-110,395,-470,109,107,CHI,7,90.90909091,o,9.5,90.90909091,TOR,2,21.27659574,TOR,-7,-100,u,-9.5,-100,CHI,-2,-100
03/14/2016-16:33:35,3/14/2016,508,SportsBetting.ag,CHI,TOR,9,-9,-110,-110,206.5,-110,-110,395,-470,109,107,CHI,7,90.90909091,o,9.5,90.90909091,TOR,2,21.27659574,TOR,-7,-100,u,-9.5,-100,CHI,-2,-100
03/14/2016-16:33:35,3/14/2016,510,Westgate,MEM,HOU,10.5,-10,-110,-110,209.5,-110,-110,510,-685,130,81,HOU,39,90.90909091,o,1.5,90.90909091,HOU,49,14.59854015,MEM,-39,-100,u,-1.5,-100,MEM,-49,-100
03/14/2016-16:33:35,3/14/2016,510,PinnacleSports.com,MEM,HOU,10.5,-10,-110,100,209.5,-107,-103,545,-666,130,81,HOU,39,90.90909091,o,1.5,93.45794393,HOU,49,15.01501502,MEM,-39,-100,u,-1.5,-100,MEM,-49,-100
03/14/2016-16:33:35,3/14/2016,510,5Dimes.eu,MEM,HOU,10.5,-10,-105,-105,209.5,-103,-107,535,-650,130,81,HOU,39,95.23809524,o,1.5,97.08737864,HOU,49,15.38461538,MEM,-39,-100,u,-1.5,-100,MEM,-49,-100
03/14/2016-16:33:35,3/14/2016,510,BOVADA.lv,MEM,HOU,10.5,-10,-110,-110,209,N/A,N/A,N/A,N/A,130,81,HOU,39,90.90909091,N/A,N/A,N/A,N/A,N/A,N/A,MEM,-39,-100,N/A,N/A,N/A,N/A,N/A,N/A
03/14/2016-16:33:35,3/14/2016,510,BETONLINE.ag,MEM,HOU,10.5,-10,-113,-107,209,-110,-110,535,-700,130,81,HOU,39,88.49557522,o,2,90.90909091,HOU,49,14.28571429,MEM,-39,-100,u,-2,-100,MEM,-49,-100
03/14/2016-16:33:35,3/14/2016,510,SportsBetting.ag,MEM,HOU,10.5,-10,-113,-107,209,-110,-110,535,-700,130,81,HOU,39,88.49557522,o,2,90.90909091,HOU,49,14.28571429,MEM,-39,-100,u,-2,-100,MEM,-49,-100
03/14/2016-16:33:35,3/14/2016,514,Westgate,CLE,UTAH,-4,4,-115,-105,195,-110,-110,-170,150,94,85,UTAH,13,86.95652174,u,16,90.90909091,UTAH,9,150,CLE,-13,-100,o,-16,-100,CLE,-9,-100
03/14/2016-16:33:35,3/14/2016,514,PinnacleSports.com,CLE,UTAH,-4,4,-108,-102,195,-109,-101,-167,151,94,85,UTAH,13,92.59259259,u,16,91.74311927,UTAH,9,151,CLE,-13,-100,o,-16,-100,CLE,-9,-100
03/14/2016-16:33:35,3/14/2016,514,5Dimes.eu,CLE,UTAH,-4,4,-108,-102,195,-102,-108,-170,160,94,85,UTAH,13,92.59259259,u,16,98.03921569,UTAH,9,160,CLE,-13,-100,o,-16,-100,CLE,-9,-100
03/14/2016-16:33:35,3/14/2016,514,BOVADA.lv,CLE,UTAH,-5,5,-115,-105,195,N/A,N/A,N/A,N/A,94,85,UTAH,14,86.95652174,N/A,N/A,N/A,N/A,N/A,N/A,CLE,-14,-100,N/A,N/A,N/A,N/A,N/A,N/A
03/14/2016-16:33:35,3/14/2016,514,BETONLINE.ag,CLE,UTAH,-3.5,3,-107,-113,194.5,-110,-110,-168,148,94,85,UTAH,12,93.45794393,u,15.5,90.90909091,UTAH,9,148,CLE,-12,-100,o,-15.5,-100,CLE,-9,-100
03/14/2016-16:33:35,3/14/2016,514,SportsBetting.ag,CLE,UTAH,-3.5,3,-107,-113,194.5,-110,-110,-168,148,94,85,UTAH,12,93.45794393,u,15.5,90.90909091,UTAH,9,148,CLE,-12,-100,o,-15.5,-100,CLE,-9,-100
03/14/2016-16:33:35,3/14/2016,506,Westgate,DEN,MIA,7,-7,-115,-105,205,-110,-110,250,-310,124,119,DEN,2,86.95652174,o,38,90.90909091,MIA,5,32.25806452,MIA,-2,-100,u,-38,-100,DEN,-5,-100
03/14/2016-16:33:35,3/14/2016,506,PinnacleSports.com,DEN,MIA,7.5,-7,-113,102,203.5,-105,-105,275,-313,124,119,DEN,2,88.49557522,o,39.5,95.23809524,MIA,5,31.94888179,MIA,-2,-100,u,-39.5,-100,DEN,-5,-100
03/14/2016-16:33:35,3/14/2016,506,5Dimes.eu,DEN,MIA,7.5,-7,-103,-107,204.5,-105,-105,270,-300,124,119,DEN,2,97.08737864,o,38.5,95.23809524,MIA,5,33.33333333,MIA,-2,-100,u,-38.5,-100,DEN,-5,-100
03/14/2016-16:33:35,3/14/2016,506,BOVADA.lv,DEN,MIA,N/A,N/A,N/A,N/A,N/A,N/A,N/A,N/A,N/A,124,119,N/A,N/A,N/A,N/A,N/A,N/A,N/A,N/A,N/A,N/A,N/A,N/A,N/A,N/A,N/A,N/A,N/A,N/A
03/14/2016-16:33:35,3/14/2016,506,BETONLINE.ag,DEN,MIA,7,-7,-113,-107,204,-110,-110,260,-310,124,119,DEN,2,88.49557522,o,39,90.90909091,MIA,5,32.25806452,MIA,-2,-100,u,-39,-100,DEN,-5,-100
03/14/2016-16:33:35,3/14/2016,506,SportsBetting.ag,DEN,MIA,7,-7,-113,-107,204,-110,-110,260,-310,124,119,DEN,2,88.49557522,o,39,90.90909091,MIA,5,32.25806452,MIA,-2,-100,u,-39,-100,DEN,-5,-100
03/14/2016-16:33:35,3/14/2016,504,Westgate,DAL,CHA,6.5,-6,-105,-115,210.5,-110,-110,210,-260,107,96,CHA,5,95.23809524,u,7.5,90.90909091,CHA,11,38.46153846,DAL,-5,-100,o,-7.5,-100,DAL,-11,-100
03/14/2016-16:33:35,3/14/2016,504,PinnacleSports.com,DAL,CHA,6,-6,-103,-107,210.5,-101,-109,205,-230,107,96,CHA,5,97.08737864,u,7.5,99.00990099,CHA,11,43.47826087,DAL,-5,-100,o,-7.5,-100,DAL,-11,-100
03/14/2016-16:33:35,3/14/2016,504,5Dimes.eu,DAL,CHA,6.5,-6,-103,-107,210,-108,-102,235,-255,107,96,CHA,5,97.08737864,u,7,92.59259259,CHA,11,39.21568627,DAL,-5,-100,o,-7,-100,DAL,-11,-100
03/14/2016-16:33:35,3/14/2016,504,BOVADA.lv,DAL,CHA,7,-7,-105,-115,211,N/A,N/A,N/A,N/A,107,96,CHA,4,95.23809524,N/A,N/A,N/A,N/A,N/A,N/A,DAL,-4,-100,N/A,N/A,N/A,N/A,N/A,N/A
03/14/2016-16:33:35,3/14/2016,504,BETONLINE.ag,DAL,CHA,6.5,-6,-107,-113,210,-110,-110,210,-250,107,96,CHA,5,93.45794393,u,7,90.90909091,CHA,11,40,DAL,-5,-100,o,-7,-100,DAL,-11,-100
03/14/2016-16:33:35,3/14/2016,504,SportsBetting.ag,DAL,CHA,6.5,-6,-107,-113,210,-110,-110,210,-250,107,96,CHA,5,93.45794393,u,7,90.90909091,CHA,11,40,DAL,-5,-100,o,-7,-100,DAL,-11,-100
03/14/2016-16:33:35,3/14/2016,516,Westgate,MIN,PHX,1,-1,-110,-110,221.5,-110,-110,-105,-115,107,104,PHX,2,90.90909091,u,10.5,90.90909091,PHX,3,86.95652174,MIN,-2,-100,o,-10.5,-100,MIN,-3,-100
03/14/2016-16:33:35,3/14/2016,516,PinnacleSports.com,MIN,PHX,1,-1,-102,-108,221,-105,-105,-105,-105,107,104,PHX,2,98.03921569,u,10,95.23809524,PHX,3,95.23809524,MIN,-2,-100,o,-10,-100,MIN,-3,-100
03/14/2016-16:33:35,3/14/2016,516,5Dimes.eu,MIN,PHX,1,-1,100,-110,221.5,-105,-105,-105,-105,107,104,PHX,2,100,u,10.5,95.23809524,PHX,3,95.23809524,MIN,-2,-100,o,-10.5,-100,MIN,-3,-100
03/14/2016-16:33:35,3/14/2016,516,BOVADA.lv,MIN,PHX,N/A,N/A,N/A,N/A,221,N/A,N/A,N/A,N/A,107,104,N/A,N/A,N/A,N/A,N/A,N/A,N/A,N/A,N/A,N/A,N/A,N/A,N/A,N/A,N/A,N/A,N/A,N/A
03/14/2016-16:33:35,3/14/2016,516,BETONLINE.ag,MIN,PHX,1,-1,-105,-115,221,-110,-110,-107,-113,107,104,PHX,2,95.23809524,u,10,90.90909091,PHX,3,88.49557522,MIN,-2,-100,o,-10,-100,MIN,-3,-100
03/14/2016-16:33:35,3/14/2016,516,SportsBetting.ag,MIN,PHX,1,-1,-105,-115,221,-110,-110,-107,-113,107,104,PHX,2,95.23809524,u,10,90.90909091,PHX,3,88.49557522,MIN,-2,-100,o,-10,-100,MIN,-3,-100
03/14/2016-16:33:35,3/14/2016,518,Westgate,NO,GS,15,-15,-115,-105,229.5,-110,-110,1050,-2650,125,107,GS,3,86.95652174,o,2.5,90.90909091,GS,18,3.773584906,NO,-3,-100,u,-2.5,-100,NO,-18,-100
03/14/2016-16:33:35,3/14/2016,518,PinnacleSports.com,NO,GS,15,-15,-113,102,229.5,-108,-102,1519,-2575,125,107,GS,3,88.49557522,o,2.5,92.59259259,GS,18,3.883495146,NO,-3,-100,u,-2.5,-100,NO,-18,-100
03/14/2016-16:33:35,3/14/2016,518,5Dimes.eu,NO,GS,15.5,-15,-108,-102,229.5,-103,-107,1800,-2400,125,107,GS,3,92.59259259,o,2.5,97.08737864,GS,18,4.166666667,NO,-3,-100,u,-2.5,-100,NO,-18,-100
03/14/2016-16:33:35,3/14/2016,518,BOVADA.lv,NO,GS,15.5,-15,-110,-110,230,N/A,N/A,N/A,N/A,125,107,GS,3,90.90909091,N/A,N/A,N/A,N/A,N/A,N/A,NO,-3,-100,N/A,N/A,N/A,N/A,N/A,N/A
03/14/2016-16:33:35,3/14/2016,518,BETONLINE.ag,NO,GS,15,-15,-115,-105,230,-110,-110,1500,-3000,125,107,GS,3,86.95652174,o,2,90.90909091,GS,18,3.333333333,NO,-3,-100,u,-2,-100,NO,-18,-100
03/14/2016-16:33:35,3/14/2016,518,SportsBetting.ag,NO,GS,15,-15,-115,-105,230,-110,-110,1500,-3000,125,107,GS,3,86.95652174,o,2,90.90909091,GS,18,3.333333333,NO,-3,-100,u,-2,-100,NO,-18,-100
03/15/2016-17:08:42,3/15/2016,534,Westgate,DEN,ORL,3,-3,-115,-105,215.5,-110,-110,135,-155,116,110,ORL,3,86.95652174,o,10.5,90.90909091,ORL,6,64.51612903,DEN,-3,-100,u,-10.5,-100,DEN,-6,-100
03/15/2016-17:08:42,3/15/2016,534,PinnacleSports.com,DEN,ORL,3,-3,-108,-102,215.5,-105,-105,135,-149,116,110,ORL,3,92.59259259,o,10.5,95.23809524,ORL,6,67.11409396,DEN,-3,-100,u,-10.5,-100,DEN,-6,-100
03/15/2016-17:08:42,3/15/2016,534,5Dimes.eu,DEN,ORL,3,-3,-104,-106,215,-107,-103,130,-140,116,110,ORL,3,96.15384615,o,11,93.45794393,ORL,6,71.42857143,DEN,-3,-100,u,-11,-100,DEN,-6,-100
03/15/2016-17:08:42,3/15/2016,534,BOVADA.lv,DEN,ORL,3,-3,-110,-110,215,N/A,N/A,130,-150,116,110,ORL,3,90.90909091,N/A,N/A,N/A,ORL,6,66.66666667,DEN,-3,-100,N/A,N/A,N/A,DEN,-6,-100
03/15/2016-17:08:42,3/15/2016,534,BETONLINE.ag,DEN,ORL,3,-3,-110,-110,215,-110,-110,130,-150,116,110,ORL,3,90.90909091,o,11,90.90909091,ORL,6,66.66666667,DEN,-3,-100,u,-11,-100,DEN,-6,-100
03/15/2016-17:08:42,3/15/2016,534,SportsBetting.ag,DEN,ORL,3,-3,-110,-110,215,-110,-110,130,-150,116,110,ORL,3,90.90909091,o,11,90.90909091,ORL,6,66.66666667,DEN,-3,-100,u,-11,-100,DEN,-6,-100
03/15/2016-17:08:42,3/15/2016,542,Westgate,SAC,LAL,-5,5,-110,-110,219.5,-110,-110,-205,175,106,98,LAL,13,90.90909091,u,15.5,90.90909091,LAL,8,175,SAC,-13,-100,o,-15.5,-100,SAC,-8,-100
03/15/2016-17:08:42,3/15/2016,542,PinnacleSports.com,SAC,LAL,-5,5,-107,-103,219,-105,-105,-205,184,106,98,LAL,13,93.45794393,u,15,95.23809524,LAL,8,184,SAC,-13,-100,o,-15,-100,SAC,-8,-100
03/15/2016-17:08:42,3/15/2016,542,5Dimes.eu,SAC,LAL,-5,5,-105,-105,219,-105,-105,-200,185,106,98,LAL,13,95.23809524,u,15,95.23809524,LAL,8,185,SAC,-13,-100,o,-15,-100,SAC,-8,-100
03/15/2016-17:08:42,3/15/2016,542,BOVADA.lv,SAC,LAL,-5.5,5,-115,-105,220,N/A,N/A,-210,175,106,98,LAL,13,86.95652174,N/A,N/A,N/A,LAL,8,175,SAC,-13,-100,N/A,N/A,N/A,SAC,-8,-100
03/15/2016-17:08:42,3/15/2016,542,BETONLINE.ag,SAC,LAL,-5,5,-110,-110,219,-110,-110,-205,175,106,98,LAL,13,90.90909091,u,15,90.90909091,LAL,8,175,SAC,-13,-100,o,-15,-100,SAC,-8,-100
03/15/2016-17:08:42,3/15/2016,542,SportsBetting.ag,SAC,LAL,-5,5,-110,-110,219,-110,-110,-205,175,106,98,LAL,13,90.90909091,u,15,90.90909091,LAL,8,175,SAC,-13,-100,o,-15,-100,SAC,-8,-100
03/15/2016-17:08:42,3/15/2016,538,Westgate,TOR,MIL,-2,2,-110,-110,206.5,-110,-110,-134,114,107,89,MIL,20,90.90909091,u,10.5,90.90909091,MIL,18,114,TOR,-20,-100,o,-10.5,-100,TOR,-18,-100
03/15/2016-17:08:42,3/15/2016,538,PinnacleSports.com,TOR,MIL,-2,2,-102,-108,206,-105,-105,-129,117,107,89,MIL,20,98.03921569,u,10,95.23809524,MIL,18,117,TOR,-20,-100,o,-10,-100,TOR,-18,-100
03/15/2016-17:08:42,3/15/2016,538,5Dimes.eu,TOR,MIL,-2,2,-106,-104,206,-105,-105,-125,115,107,89,MIL,20,94.33962264,u,10,95.23809524,MIL,18,115,TOR,-20,-100,o,-10,-100,TOR,-18,-100
03/15/2016-17:08:42,3/15/2016,538,BOVADA.lv,TOR,MIL,-2.5,2,-105,-115,206,N/A,N/A,N/A,N/A,107,89,MIL,20,95.23809524,N/A,N/A,N/A,N/A,N/A,N/A,TOR,-20,-100,N/A,N/A,N/A,N/A,N/A,N/A
03/15/2016-17:08:42,3/15/2016,538,BETONLINE.ag,TOR,MIL,-2,2,-107,-113,206.5,-110,-110,-135,115,107,89,MIL,20,93.45794393,u,10.5,90.90909091,MIL,18,115,TOR,-20,-100,o,-10.5,-100,TOR,-18,-100
03/15/2016-17:08:42,3/15/2016,538,SportsBetting.ag,TOR,MIL,-2,2,-107,-113,206.5,-110,-110,-135,115,107,89,MIL,20,93.45794393,u,10.5,90.90909091,MIL,18,115,TOR,-20,-100,o,-10.5,-100,TOR,-18,-100
03/15/2016-17:08:42,3/15/2016,536,Westgate,PHI,BKN,8,-8,-105,-115,212.5,-110,-110,285,-350,131,114,BKN,9,95.23809524,o,32.5,90.90909091,BKN,17,28.57142857,PHI,-9,-100,u,-32.5,-100,PHI,-17,-100
03/15/2016-17:08:42,3/15/2016,536,PinnacleSports.com,PHI,BKN,7.5,-7,-105,-105,212.5,-104,-106,280,-319,131,114,BKN,10,95.23809524,o,32.5,96.15384615,BKN,17,31.34796238,PHI,-10,-100,u,-32.5,-100,PHI,-17,-100
03/15/2016-17:08:42,3/15/2016,536,5Dimes.eu,PHI,BKN,7.5,-7,-107,-103,212.5,-105,-105,295,-325,131,114,BKN,10,93.45794393,o,32.5,95.23809524,BKN,17,30.76923077,PHI,-10,-100,u,-32.5,-100,PHI,-17,-100
03/15/2016-17:08:42,3/15/2016,536,BOVADA.lv,PHI,BKN,7.5,-7,-105,-115,212,N/A,N/A,275,-350,131,114,BKN,10,95.23809524,N/A,N/A,N/A,BKN,17,28.57142857,PHI,-10,-100,N/A,N/A,N/A,PHI,-17,-100
03/15/2016-17:08:42,3/15/2016,536,BETONLINE.ag,PHI,BKN,7.5,-7,-110,-110,212.5,-110,-110,285,-340,131,114,BKN,10,90.90909091,o,32.5,90.90909091,BKN,17,29.41176471,PHI,-10,-100,u,-32.5,-100,PHI,-17,-100
03/15/2016-17:08:42,3/15/2016,536,SportsBetting.ag,PHI,BKN,7.5,-7,-110,-110,212.5,-110,-110,285,-340,131,114,BKN,10,90.90909091,o,32.5,90.90909091,BKN,17,29.41176471,PHI,-10,-100,u,-32.5,-100,PHI,-17,-100
03/15/2016-17:08:42,3/15/2016,540,Westgate,LAC,SA,9,-9,-110,-110,200,-110,-110,385,-485,108,87,SA,12,90.90909091,u,5,90.90909091,SA,21,20.6185567,LAC,-12,-100,o,-5,-100,LAC,-21,-100
03/15/2016-17:08:42,3/15/2016,540,PinnacleSports.com,LAC,SA,9,-9,-105,-105,200,-105,-105,377,-440,108,87,SA,12,95.23809524,u,5,95.23809524,SA,21,22.72727273,LAC,-12,-100,o,-5,-100,LAC,-21,-100
03/15/2016-17:08:42,3/15/2016,540,5Dimes.eu,LAC,SA,9,-9,-105,-105,200.5,-105,-105,400,-450,108,87,SA,12,95.23809524,u,5.5,95.23809524,SA,21,22.22222222,LAC,-12,-100,o,-5.5,-100,LAC,-21,-100
03/15/2016-17:08:42,3/15/2016,540,BOVADA.lv,LAC,SA,9,-9,-110,-110,201,N/A,N/A,350,-500,108,87,SA,12,90.90909091,N/A,N/A,N/A,SA,21,20,LAC,-12,-100,N/A,N/A,N/A,LAC,-21,-100
03/15/2016-17:08:42,3/15/2016,540,BETONLINE.ag,LAC,SA,9,-9,-110,-110,200,-110,-110,385,-460,108,87,SA,12,90.90909091,u,5,90.90909091,SA,21,21.73913043,LAC,-12,-100,o,-5,-100,LAC,-21,-100
03/15/2016-17:08:42,3/15/2016,540,SportsBetting.ag,LAC,SA,9,-9,-110,-110,200,-110,-110,385,-460,108,87,SA,12,90.90909091,u,5,90.90909091,SA,21,21.73913043,LAC,-12,-100,o,-5,-100,LAC,-21,-100
03/15/2016-17:08:42,3/15/2016,532,Westgate,BOS,IND,2.5,-2,-105,-115,209.5,-110,-110,120,-140,103,98,IND,3,95.23809524,u,8.5,90.90909091,IND,5,71.42857143,BOS,-3,-100,o,-8.5,-100,BOS,-5,-100
03/15/2016-17:08:42,3/15/2016,532,PinnacleSports.com,BOS,IND,2.5,-2,-109,-101,209.5,-105,-105,127,-140,103,98,IND,3,91.74311927,u,8.5,95.23809524,IND,5,71.42857143,BOS,-3,-100,o,-8.5,-100,BOS,-5,-100
03/15/2016-17:08:42,3/15/2016,532,5Dimes.eu,BOS,IND,2.5,-2,-105,-105,209.5,-105,-105,125,-135,103,98,IND,3,95.23809524,u,8.5,95.23809524,IND,5,74.07407407,BOS,-3,-100,o,-8.5,-100,BOS,-5,-100
03/15/2016-17:08:42,3/15/2016,532,BOVADA.lv,BOS,IND,2.5,-2,-110,-110,209,N/A,N/A,N/A,N/A,103,98,IND,3,90.90909091,N/A,N/A,N/A,N/A,N/A,N/A,BOS,-3,-100,N/A,N/A,N/A,N/A,N/A,N/A
03/15/2016-17:08:42,3/15/2016,532,BETONLINE.ag,BOS,IND,2.5,-2,-107,-113,209.5,-110,-110,125,-145,103,98,IND,3,93.45794393,u,8.5,90.90909091,IND,5,68.96551724,BOS,-3,-100,o,-8.5,-100,BOS,-5,-100
03/15/2016-17:08:42,3/15/2016,532,SportsBetting.ag,BOS,IND,2.5,-2,-107,-113,209.5,-110,-110,125,-145,103,98,IND,3,93.45794393,u,8.5,90.90909091,IND,5,68.96551724,BOS,-3,-100,o,-8.5,-100,BOS,-5,-100
03/16/2016-16:59:16,3/16/2016,602,Westgate,ORL,CHA,9.5,-9,-110,-110,212,-110,-110,425,-550,107,99,ORL,1,90.90909091,u,6,90.90909091,CHA,8,18.18181818,CHA,-1,-100,o,-6,-100,ORL,-8,-100
03/16/2016-16:59:16,3/16/2016,602,PinnacleSports.com,ORL,CHA,9.5,-9,-113,102,212,-101,-109,442,-525,107,99,ORL,1,88.49557522,u,6,99.00990099,CHA,8,19.04761905,CHA,-1,-100,o,-6,-100,ORL,-8,-100
03/16/2016-16:59:16,3/16/2016,602,5Dimes.eu,ORL,CHA,9.5,-9,-105,-105,212,-108,-102,450,-525,107,99,ORL,1,95.23809524,u,6,92.59259259,CHA,8,19.04761905,CHA,-1,-100,o,-6,-100,ORL,-8,-100
03/16/2016-16:59:16,3/16/2016,602,BOVADA.lv,ORL,CHA,10,-10,-110,-110,212,N/A,N/A,400,-600,107,99,ORL,2,90.90909091,N/A,N/A,N/A,CHA,8,16.66666667,CHA,-2,-100,N/A,N/A,N/A,ORL,-8,-100
03/16/2016-16:59:16,3/16/2016,602,BETONLINE.ag,ORL,CHA,9.5,-9,-115,-105,212,-110,-110,430,-525,107,99,ORL,1,86.95652174,u,6,90.90909091,CHA,8,19.04761905,CHA,-1,-100,o,-6,-100,ORL,-8,-100
03/16/2016-16:59:16,3/16/2016,602,SportsBetting.ag,ORL,CHA,N/A,N/A,N/A,N/A,N/A,N/A,N/A,N/A,N/A,107,99,N/A,N/A,N/A,N/A,N/A,N/A,N/A,N/A,N/A,N/A,N/A,N/A,N/A,N/A,N/A,N/A,N/A,N/A
03/16/2016-16:59:16,3/16/2016,618,Westgate,NY,GS,15,-15,-110,-110,221.5,-110,-110,1200,-3000,121,85,GS,21,90.90909091,u,15.5,90.90909091,GS,36,3.333333333,NY,-21,-100,o,-15.5,-100,NY,-36,-100
03/16/2016-16:59:16,3/16/2016,618,PinnacleSports.com,NY,GS,15,-15,-106,-104,222,102,-113,1432,-2345,121,85,GS,21,94.33962264,u,16,102,GS,36,4.264392324,NY,-21,-100,o,-16,-100,NY,-36,-100
03/16/2016-16:59:16,3/16/2016,618,5Dimes.eu,NY,GS,14.5,-14,-105,-105,221.5,-103,-107,1450,-1900,121,85,GS,22,95.23809524,u,15.5,97.08737864,GS,36,5.263157895,NY,-22,-100,o,-15.5,-100,NY,-36,-100
03/16/2016-16:59:16,3/16/2016,618,BOVADA.lv,NY,GS,15,-15,-115,-105,222,N/A,N/A,N/A,N/A,121,85,GS,21,86.95652174,N/A,N/A,N/A,N/A,N/A,N/A,NY,-21,-100,N/A,N/A,N/A,N/A,N/A,N/A
03/16/2016-16:59:16,3/16/2016,618,BETONLINE.ag,NY,GS,15,-15,-105,-115,221.5,-110,-110,1375,-2200,121,85,GS,21,95.23809524,u,15.5,90.90909091,GS,36,4.545454545,NY,-21,-100,o,-15.5,-100,NY,-36,-100
03/16/2016-16:59:16,3/16/2016,618,SportsBetting.ag,NY,GS,N/A,N/A,N/A,N/A,N/A,N/A,N/A,N/A,N/A,121,85,N/A,N/A,N/A,N/A,N/A,N/A,N/A,N/A,N/A,N/A,N/A,N/A,N/A,N/A,N/A,N/A,N/A,N/A
03/16/2016-16:59:16,3/16/2016,610,Westgate,ATL,DET,N/A,N/A,N/A,N/A,199.5,-110,-110,-110,-110,118,114,N/A,N/A,N/A,o,32.5,90.90909091,DET,4,90.90909091,N/A,N/A,N/A,u,-32.5,-100,ATL,-4,-100
03/16/2016-16:59:16,3/16/2016,610,PinnacleSports.com,ATL,DET,1,-1,-104,-106,199.5,-105,-105,-108,-102,118,114,DET,3,96.15384615,o,32.5,95.23809524,DET,4,98.03921569,ATL,-3,-100,u,-32.5,-100,ATL,-4,-100
03/16/2016-16:59:16,3/16/2016,610,5Dimes.eu,ATL,DET,1,-1,-105,-105,199.5,-105,-105,103,-113,118,114,DET,3,95.23809524,o,32.5,95.23809524,DET,4,88.49557522,ATL,-3,-100,u,-32.5,-100,ATL,-4,-100
03/16/2016-16:59:16,3/16/2016,610,BOVADA.lv,ATL,DET,-1,1,-110,-110,199,N/A,N/A,N/A,N/A,118,114,DET,5,90.90909091,N/A,N/A,N/A,N/A,N/A,N/A,ATL,-5,-100,N/A,N/A,N/A,N/A,N/A,N/A
03/16/2016-16:59:16,3/16/2016,610,BETONLINE.ag,ATL,DET,N/A,N/A,N/A,N/A,199.5,-110,-110,N/A,N/A,118,114,N/A,N/A,N/A,o,32.5,90.90909091,N/A,N/A,N/A,N/A,N/A,N/A,u,-32.5,-100,N/A,N/A,N/A
03/16/2016-16:59:16,3/16/2016,610,SportsBetting.ag,ATL,DET,N/A,N/A,N/A,N/A,N/A,N/A,N/A,N/A,N/A,118,114,N/A,N/A,N/A,N/A,N/A,N/A,N/A,N/A,N/A,N/A,N/A,N/A,N/A,N/A,N/A,N/A,N/A,N/A
03/16/2016-16:59:16,3/16/2016,612,Westgate,MIN,MEM,-3.5,3,-110,-110,206.5,-110,-110,-165,145,114,108,MEM,9,90.90909091,o,15.5,90.90909091,MEM,6,145,MIN,-9,-100,u,-15.5,-100,MIN,-6,-100
03/16/2016-16:59:16,3/16/2016,612,PinnacleSports.com,MIN,MEM,-3.5,3,-107,-103,206,-106,-104,-157,142,114,108,MEM,9,93.45794393,o,16,94.33962264,MEM,6,142,MIN,-9,-100,u,-16,-100,MIN,-6,-100
03/16/2016-16:59:16,3/16/2016,612,5Dimes.eu,MIN,MEM,-3.5,3,-101,-109,206,-105,-105,-155,145,114,108,MEM,9,99.00990099,o,16,95.23809524,MEM,6,145,MIN,-9,-100,u,-16,-100,MIN,-6,-100
03/16/2016-16:59:16,3/16/2016,612,BOVADA.lv,MIN,MEM,-3.5,3,-110,-110,206,N/A,N/A,-170,150,114,108,MEM,9,90.90909091,N/A,N/A,N/A,MEM,6,150,MIN,-9,-100,N/A,N/A,N/A,MIN,-6,-100
03/16/2016-16:59:16,3/16/2016,612,BETONLINE.ag,MIN,MEM,-3.5,3,-110,-110,206.5,-110,-110,-165,145,114,108,MEM,9,90.90909091,o,15.5,90.90909091,MEM,6,145,MIN,-9,-100,u,-15.5,-100,MIN,-6,-100
03/16/2016-16:59:16,3/16/2016,612,SportsBetting.ag,MIN,MEM,N/A,N/A,N/A,N/A,N/A,N/A,N/A,N/A,N/A,114,108,N/A,N/A,N/A,N/A,N/A,N/A,N/A,N/A,N/A,N/A,N/A,N/A,N/A,N/A,N/A,N/A,N/A,N/A
03/16/2016-16:59:16,3/16/2016,608,Westgate,OKC,BOS,-5,5,-110,-110,220,-110,-110,-210,180,130,109,BOS,26,90.90909091,o,19,90.90909091,BOS,21,180,OKC,-26,-100,u,-19,-100,OKC,-21,-100
03/16/2016-16:59:16,3/16/2016,608,PinnacleSports.com,OKC,BOS,-5,5,-110,100,220,-105,-105,-190,171,130,109,BOS,26,90.90909091,o,19,95.23809524,BOS,21,171,OKC,-26,-100,u,-19,-100,OKC,-21,-100
03/16/2016-16:59:16,3/16/2016,608,5Dimes.eu,OKC,BOS,-5,5,-105,-105,220,-105,-105,-200,185,130,109,BOS,26,95.23809524,o,19,95.23809524,BOS,21,185,OKC,-26,-100,u,-19,-100,OKC,-21,-100
03/16/2016-16:59:16,3/16/2016,608,BOVADA.lv,OKC,BOS,-5,5,-105,-115,220,N/A,N/A,-200,170,130,109,BOS,26,95.23809524,N/A,N/A,N/A,BOS,21,170,OKC,-26,-100,N/A,N/A,N/A,OKC,-21,-100
03/16/2016-16:59:16,3/16/2016,608,BETONLINE.ag,OKC,BOS,-5,5,-110,-110,220,-110,-110,-210,180,130,109,BOS,26,90.90909091,o,19,90.90909091,BOS,21,180,OKC,-26,-100,u,-19,-100,OKC,-21,-100
03/16/2016-16:59:16,3/16/2016,608,SportsBetting.ag,OKC,BOS,N/A,N/A,N/A,N/A,N/A,N/A,N/A,N/A,N/A,130,109,N/A,N/A,N/A,N/A,N/A,N/A,N/A,N/A,N/A,N/A,N/A,N/A,N/A,N/A,N/A,N/A,N/A,N/A
03/16/2016-16:59:16,3/16/2016,616,Westgate,NO,SAC,4,-4,-110,-110,224,-110,-110,160,-180,123,108,SAC,11,90.90909091,o,7,90.90909091,SAC,15,55.55555556,NO,-11,-100,u,-7,-100,NO,-15,-100
03/16/2016-16:59:16,3/16/2016,616,PinnacleSports.com,NO,SAC,4,-4,-108,-102,224,-105,-105,159,-177,123,108,SAC,11,92.59259259,o,7,95.23809524,SAC,15,56.49717514,NO,-11,-100,u,-7,-100,NO,-15,-100
03/16/2016-16:59:16,3/16/2016,616,5Dimes.eu,NO,SAC,4,-4,-107,-103,224,-105,-105,155,-165,123,108,SAC,11,93.45794393,o,7,95.23809524,SAC,15,60.60606061,NO,-11,-100,u,-7,-100,NO,-15,-100
03/16/2016-16:59:16,3/16/2016,616,BOVADA.lv,NO,SAC,4,-4,-110,-110,224,N/A,N/A,160,-180,123,108,SAC,11,90.90909091,N/A,N/A,N/A,SAC,15,55.55555556,NO,-11,-100,N/A,N/A,N/A,NO,-15,-100
03/16/2016-16:59:16,3/16/2016,616,BETONLINE.ag,NO,SAC,4,-4,-115,-105,224.5,-110,-110,160,-180,123,108,SAC,11,86.95652174,o,6.5,90.90909091,SAC,15,55.55555556,NO,-11,-100,u,-6.5,-100,NO,-15,-100
03/16/2016-16:59:16,3/16/2016,616,SportsBetting.ag,NO,SAC,N/A,N/A,N/A,N/A,N/A,N/A,N/A,N/A,N/A,123,108,N/A,N/A,N/A,N/A,N/A,N/A,N/A,N/A,N/A,N/A,N/A,N/A,N/A,N/A,N/A,N/A,N/A,N/A
03/16/2016-16:59:16,3/16/2016,606,Westgate,CHI,WSH,5,-5,-110,-110,212.5,-110,-110,180,-210,117,96,WSH,16,90.90909091,o,0.5,90.90909091,WSH,21,47.61904762,CHI,-16,-100,u,-0.5,-100,CHI,-21,-100
03/16/2016-16:59:16,3/16/2016,606,PinnacleSports.com,CHI,WSH,5,-5,-108,-102,212.5,-103,-107,186,-208,117,96,WSH,16,92.59259259,o,0.5,97.08737864,WSH,21,48.07692308,CHI,-16,-100,u,-0.5,-100,CHI,-21,-100
03/16/2016-16:59:16,3/16/2016,606,5Dimes.eu,CHI,WSH,5,-5,-107,-103,212.5,-108,-102,190,-210,117,96,WSH,16,93.45794393,o,0.5,92.59259259,WSH,21,47.61904762,CHI,-16,-100,u,-0.5,-100,CHI,-21,-100
03/16/2016-16:59:16,3/16/2016,606,BOVADA.lv,CHI,WSH,N/A,N/A,N/A,N/A,N/A,N/A,N/A,N/A,N/A,117,96,N/A,N/A,N/A,N/A,N/A,N/A,N/A,N/A,N/A,N/A,N/A,N/A,N/A,N/A,N/A,N/A,N/A,N/A
03/16/2016-16:59:16,3/16/2016,606,BETONLINE.ag,CHI,WSH,5,-5,-110,-110,212.5,-110,-110,175,-205,117,96,WSH,16,90.90909091,o,0.5,90.90909091,WSH,21,48.7804878,CHI,-16,-100,u,-0.5,-100,CHI,-21,-100
03/16/2016-16:59:16,3/16/2016,606,SportsBetting.ag,CHI,WSH,N/A,N/A,N/A,N/A,N/A,N/A,N/A,N/A,N/A,117,96,N/A,N/A,N/A,N/A,N/A,N/A,N/A,N/A,N/A,N/A,N/A,N/A,N/A,N/A,N/A,N/A,N/A,N/A
03/16/2016-16:59:16,3/16/2016,614,Westgate,LAC,HOU,3.5,-3,-110,-110,215.5,-110,-110,150,-170,122,106,HOU,13,90.90909091,o,12.5,90.90909091,HOU,16,58.82352941,LAC,-13,-100,u,-12.5,-100,LAC,-16,-100
03/16/2016-16:59:16,3/16/2016,614,PinnacleSports.com,LAC,HOU,3.5,-3,-108,-102,216,100,-110,149,-165,122,106,HOU,13,92.59259259,o,12,100,HOU,16,60.60606061,LAC,-13,-100,u,-12,-100,LAC,-16,-100
03/16/2016-16:59:16,3/16/2016,614,5Dimes.eu,LAC,HOU,3.5,-3,-107,-103,215.5,-105,-105,145,-155,122,106,HOU,13,93.45794393,o,12.5,95.23809524,HOU,16,64.51612903,LAC,-13,-100,u,-12.5,-100,LAC,-16,-100
03/16/2016-16:59:16,3/16/2016,614,BOVADA.lv,LAC,HOU,3,-3,-115,-105,216,N/A,N/A,145,-165,122,106,HOU,13,86.95652174,N/A,N/A,N/A,HOU,16,60.60606061,LAC,-13,-100,N/A,N/A,N/A,LAC,-16,-100
03/16/2016-16:59:16,3/16/2016,614,BETONLINE.ag,LAC,HOU,3.5,-3,-110,-110,216,-110,-110,145,-165,122,106,HOU,13,90.90909091,o,12,90.90909091,HOU,16,60.60606061,LAC,-13,-100,u,-12,-100,LAC,-16,-100
03/16/2016-16:59:16,3/16/2016,614,SportsBetting.ag,LAC,HOU,N/A,N/A,N/A,N/A,N/A,N/A,N/A,N/A,N/A,122,106,N/A,N/A,N/A,N/A,N/A,N/A,N/A,N/A,N/A,N/A,N/A,N/A,N/A,N/A,N/A,N/A,N/A,N/A
03/16/2016-16:59:16,3/16/2016,604,Westgate,DAL,CLE,9.5,-9,-110,-110,211,-110,-110,425,-550,99,98,DAL,8,90.90909091,u,14,90.90909091,CLE,1,18.18181818,CLE,-8,-100,o,-14,-100,DAL,-1,-100
03/16/2016-16:59:16,3/16/2016,604,PinnacleSports.com,DAL,CLE,9.5,-9,-110,100,210,-108,-102,442,-525,99,98,DAL,8,90.90909091,u,13,92.59259259,CLE,1,19.04761905,CLE,-8,-100,o,-13,-100,DAL,-1,-100
03/16/2016-16:59:16,3/16/2016,604,5Dimes.eu,DAL,CLE,10,-10,-102,-108,210,-101,-109,450,-525,99,98,DAL,9,98.03921569,u,13,99.00990099,CLE,1,19.04761905,CLE,-9,-100,o,-13,-100,DAL,-1,-100
03/16/2016-16:59:16,3/16/2016,604,BOVADA.lv,DAL,CLE,9.5,-9,-110,-110,210,N/A,N/A,400,-600,99,98,DAL,8,90.90909091,N/A,N/A,N/A,CLE,1,16.66666667,CLE,-8,-100,N/A,N/A,N/A,DAL,-1,-100
03/16/2016-16:59:16,3/16/2016,604,BETONLINE.ag,DAL,CLE,9.5,-9,-110,-110,210.5,-110,-110,435,-530,99,98,DAL,8,90.90909091,u,13.5,90.90909091,CLE,1,18.86792453,CLE,-8,-100,o,-13.5,-100,DAL,-1,-100
03/16/2016-16:59:16,3/16/2016,604,SportsBetting.ag,DAL,CLE,N/A,N/A,N/A,N/A,N/A,N/A,N/A,N/A,N/A,99,98,N/A,N/A,N/A,N/A,N/A,N/A,N/A,N/A,N/A,N/A,N/A,N/A,N/A,N/A,N/A,N/A,N/A,N/A
03/17/2016-13:28:37,3/17/2016,716,Westgate,PHX,UTAH,9.5,-9,-110,-110,198,-110,-110,425,-550,103.0,69.0,UTAH,25.0,90.9090909090909,u,26.0,90.9090909090909,UTAH,34.0,18.181818181818183,PHX,-25.0,-100,o,-26.0,-100,PHX,-34.0,-100
03/17/2016-13:28:37,3/17/2016,716,PinnacleSports.com,PHX,UTAH,9,-9,-101,-109,198,-110,100,416,-490,103.0,69.0,UTAH,25.0,99.00990099009901,u,26.0,90.9090909090909,UTAH,34.0,20.408163265306122,PHX,-25.0,-100,o,-26.0,-100,PHX,-34.0,-100
03/17/2016-13:28:37,3/17/2016,716,5Dimes.eu,PHX,UTAH,9.5,-9,-105,-105,198,-102,-108,420,-475,103.0,69.0,UTAH,25.0,95.23809523809523,u,26.0,98.0392156862745,UTAH,34.0,21.052631578947366,PHX,-25.0,-100,o,-26.0,-100,PHX,-34.0,-100
03/17/2016-13:28:37,3/17/2016,716,BOVADA.lv,PHX,UTAH,9.5,-9,-110,-110,198,N/A,N/A,N/A,N/A,103.0,69.0,UTAH,25.0,90.9090909090909,N/A,N/A,N/A,N/A,N/A,N/A,PHX,-25.0,-100,N/A,N/A,N/A,N/A,N/A,N/A
03/17/2016-13:28:37,3/17/2016,716,BETONLINE.ag,PHX,UTAH,9.5,-9,-112,-108,198,-110,-110,405,-500,103.0,69.0,UTAH,25.0,89.28571428571429,u,26.0,90.9090909090909,UTAH,34.0,20.0,PHX,-25.0,-100,o,-26.0,-100,PHX,-34.0,-100
03/17/2016-13:28:37,3/17/2016,716,SportsBetting.ag,PHX,UTAH,N/A,N/A,N/A,N/A,N/A,N/A,N/A,N/A,N/A,103.0,69.0,N/A,N/A,N/A,N/A,N/A,N/A,N/A,N/A,N/A,N/A,N/A,N/A,N/A,N/A,N/A,N/A,N/A,N/A
03/17/2016-13:28:37,3/17/2016,710,Westgate,MEM,MIL,10.5,-10,-110,-110,202,-110,-110,500,-700,96.0,86.0,N/A,0,0,u,20.0,90.9090909090909,MIL,10.0,14.285714285714285,N/A,0,0,o,-20.0,-100,MEM,-10.0,-100
03/17/2016-13:28:37,3/17/2016,710,PinnacleSports.com,MEM,MIL,10.5,-10,-106,-104,202,100,-110,498,-600,96.0,86.0,N/A,0,0,u,20.0,100.0,MIL,10.0,16.666666666666664,N/A,0,0,o,-20.0,-100,MEM,-10.0,-100
03/17/2016-13:28:37,3/17/2016,710,5Dimes.eu,MEM,MIL,10.5,-10,-105,-105,202,-105,-105,510,-615,96.0,86.0,N/A,0,0,u,20.0,95.23809523809523,MIL,10.0,16.260162601626014,N/A,0,0,o,-20.0,-100,MEM,-10.0,-100
03/17/2016-13:28:37,3/17/2016,710,BOVADA.lv,MEM,MIL,10.5,-10,-110,-110,202,N/A,N/A,N/A,N/A,96.0,86.0,N/A,0,0,N/A,N/A,N/A,N/A,N/A,N/A,N/A,0,0,N/A,N/A,N/A,N/A,N/A,N/A
03/17/2016-13:28:37,3/17/2016,710,BETONLINE.ag,MEM,MIL,10.5,-10,-110,-110,202,-110,-110,495,-620,96.0,86.0,N/A,0,0,u,20.0,90.9090909090909,MIL,10.0,16.129032258064516,N/A,0,0,o,-20.0,-100,MEM,-10.0,-100
03/17/2016-13:28:37,3/17/2016,710,SportsBetting.ag,MEM,MIL,N/A,N/A,N/A,N/A,N/A,N/A,N/A,N/A,N/A,96.0,86.0,N/A,N/A,N/A,N/A,N/A,N/A,N/A,N/A,N/A,N/A,N/A,N/A,N/A,N/A,N/A,N/A,N/A,N/A
03/17/2016-13:28:37,3/17/2016,712,Westgate,BKN,CHI,6,-6,-110,-110,212,-110,-110,210,-250,118.0,102.0,CHI,10.0,90.9090909090909,o,8.0,90.9090909090909,CHI,16.0,40.0,BKN,-10.0,-100,u,-8.0,-100,BKN,-16.0,-100
03/17/2016-13:28:37,3/17/2016,712,PinnacleSports.com,BKN,CHI,6,-6,100,-110,212,-106,-104,222,-250,118.0,102.0,CHI,10.0,100.0,o,8.0,94.33962264150944,CHI,16.0,40.0,BKN,-10.0,-100,u,-8.0,-100,BKN,-16.0,-100
03/17/2016-13:28:37,3/17/2016,712,5Dimes.eu,BKN,CHI,6,-6,-102,-108,212,-105,-105,215,-235,118.0,102.0,CHI,10.0,98.0392156862745,o,8.0,95.23809523809523,CHI,16.0,42.5531914893617,BKN,-10.0,-100,u,-8.0,-100,BKN,-16.0,-100
03/17/2016-13:28:37,3/17/2016,712,BOVADA.lv,BKN,CHI,6,-6,-110,-110,212,N/A,N/A,N/A,N/A,118.0,102.0,CHI,10.0,90.9090909090909,N/A,N/A,N/A,N/A,N/A,N/A,BKN,-10.0,-100,N/A,N/A,N/A,N/A,N/A,N/A
03/17/2016-13:28:37,3/17/2016,712,BETONLINE.ag,BKN,CHI,6,-6,-110,-110,212,-110,-110,210,-250,118.0,102.0,CHI,10.0,90.9090909090909,o,8.0,90.9090909090909,CHI,16.0,40.0,BKN,-10.0,-100,u,-8.0,-100,BKN,-16.0,-100
03/17/2016-13:28:37,3/17/2016,712,SportsBetting.ag,BKN,CHI,N/A,N/A,N/A,N/A,N/A,N/A,N/A,N/A,N/A,118.0,102.0,N/A,N/A,N/A,N/A,N/A,N/A,N/A,N/A,N/A,N/A,N/A,N/A,N/A,N/A,N/A,N/A,N/A,N/A
03/17/2016-13:28:37,3/17/2016,708,Westgate,DEN,ATL,7.5,-7,-110,-110,211,-110,-110,290,-350,116.0,98.0,ATL,11.0,90.9090909090909,o,3.0,90.9090909090909,ATL,18.0,28.57142857142857,DEN,-11.0,-100,u,-3.0,-100,DEN,-18.0,-100
03/17/2016-13:28:37,3/17/2016,708,PinnacleSports.com,DEN,ATL,7.5,-7,-103,-107,211,-105,-105,295,-337,116.0,98.0,ATL,11.0,97.0873786407767,o,3.0,95.23809523809523,ATL,18.0,29.673590504451035,DEN,-11.0,-100,u,-3.0,-100,DEN,-18.0,-100
03/17/2016-13:28:37,3/17/2016,708,5Dimes.eu,DEN,ATL,7.5,-7,-102,-108,211,-105,-105,295,-325,116.0,98.0,ATL,11.0,98.0392156862745,o,3.0,95.23809523809523,ATL,18.0,30.76923076923077,DEN,-11.0,-100,u,-3.0,-100,DEN,-18.0,-100
03/17/2016-13:28:37,3/17/2016,708,BOVADA.lv,DEN,ATL,8,-8,-115,-105,211,N/A,N/A,N/A,N/A,116.0,98.0,ATL,10.0,86.95652173913044,N/A,N/A,N/A,N/A,N/A,N/A,DEN,-10.0,-100,N/A,N/A,N/A,N/A,N/A,N/A
03/17/2016-13:28:37,3/17/2016,708,BETONLINE.ag,DEN,ATL,7.5,-7,-110,-110,211,-110,-110,290,-350,116.0,98.0,ATL,11.0,90.9090909090909,o,3.0,90.9090909090909,ATL,18.0,28.57142857142857,DEN,-11.0,-100,u,-3.0,-100,DEN,-18.0,-100
03/17/2016-13:28:37,3/17/2016,708,SportsBetting.ag,DEN,ATL,N/A,N/A,N/A,N/A,N/A,N/A,N/A,N/A,N/A,116.0,98.0,N/A,N/A,N/A,N/A,N/A,N/A,N/A,N/A,N/A,N/A,N/A,N/A,N/A,N/A,N/A,N/A,N/A,N/A
03/17/2016-13:28:37,3/17/2016,704,Westgate,TOR,IND,2,-2,-110,-110,203,-110,-110,110,-130,94.0,101.0,TOR,9.0,90.9090909090909,u,8.0,90.9090909090909,TOR,7.0,76.92307692307693,IND,-9.0,-100,o,-8.0,-100,IND,-7.0,-100
03/17/2016-13:28:37,3/17/2016,704,PinnacleSports.com,TOR,IND,2,-2,-113,102,203,-105,-105,111,-123,94.0,101.0,TOR,9.0,88.49557522123894,u,8.0,95.23809523809523,TOR,7.0,81.30081300813008,IND,-9.0,-100,o,-8.0,-100,IND,-7.0,-100
03/17/2016-13:28:37,3/17/2016,704,5Dimes.eu,TOR,IND,1.5,-1,-103,-107,203.5,-102,-108,110,-120,94.0,101.0,TOR,8.0,97.0873786407767,u,8.5,98.0392156862745,TOR,7.0,83.33333333333334,IND,-8.0,-100,o,-8.5,-100,IND,-7.0,-100
03/17/2016-13:28:37,3/17/2016,704,BOVADA.lv,TOR,IND,N/A,N/A,N/A,N/A,N/A,N/A,N/A,N/A,N/A,94.0,101.0,N/A,N/A,N/A,N/A,N/A,N/A,N/A,N/A,N/A,N/A,N/A,N/A,N/A,N/A,N/A,N/A,N/A,N/A
03/17/2016-13:28:37,3/17/2016,704,BETONLINE.ag,TOR,IND,2,-2,-110,-110,203,-110,-110,110,-130,94.0,101.0,TOR,9.0,90.9090909090909,u,8.0,90.9090909090909,TOR,7.0,76.92307692307693,IND,-9.0,-100,o,-8.0,-100,IND,-7.0,-100
03/17/2016-13:28:37,3/17/2016,704,SportsBetting.ag,TOR,IND,N/A,N/A,N/A,N/A,N/A,N/A,N/A,N/A,N/A,94.0,101.0,N/A,N/A,N/A,N/A,N/A,N/A,N/A,N/A,N/A,N/A,N/A,N/A,N/A,N/A,N/A,N/A,N/A,N/A
03/17/2016-13:28:37,3/17/2016,706,Westgate,CHA,MIA,4.5,-4,-110,-110,209,-110,-110,165,-185,106.0,109.0,CHA,7.0,90.9090909090909,o,6.0,90.9090909090909,CHA,3.0,54.054054054054056,MIA,-7.0,-100,u,-6.0,-100,MIA,-3.0,-100
03/17/2016-13:28:37,3/17/2016,706,PinnacleSports.com,CHA,MIA,4.5,-4,-107,-103,208.5,-104,-106,162,-180,106.0,109.0,CHA,7.0,93.45794392523365,o,6.5,96.15384615384616,CHA,3.0,55.55555555555556,MIA,-7.0,-100,u,-6.5,-100,MIA,-3.0,-100
03/17/2016-13:28:37,3/17/2016,706,5Dimes.eu,CHA,MIA,4.5,-4,-105,-105,208.5,-108,-102,170,-185,106.0,109.0,CHA,7.0,95.23809523809523,o,6.5,92.5925925925926,CHA,3.0,54.054054054054056,MIA,-7.0,-100,u,-6.5,-100,MIA,-3.0,-100
03/17/2016-13:28:37,3/17/2016,706,BOVADA.lv,CHA,MIA,4.5,-4,-110,-110,209,N/A,N/A,N/A,N/A,106.0,109.0,CHA,7.0,90.9090909090909,N/A,N/A,N/A,N/A,N/A,N/A,MIA,-7.0,-100,N/A,N/A,N/A,N/A,N/A,N/A
03/17/2016-13:28:37,3/17/2016,706,BETONLINE.ag,CHA,MIA,4.5,-4,-110,-110,209,-110,-110,163,-183,106.0,109.0,CHA,7.0,90.9090909090909,o,6.0,90.9090909090909,CHA,3.0,54.644808743169406,MIA,-7.0,-100,u,-6.0,-100,MIA,-3.0,-100
03/17/2016-13:28:37,3/17/2016,706,SportsBetting.ag,CHA,MIA,N/A,N/A,N/A,N/A,N/A,N/A,N/A,N/A,N/A,106.0,109.0,N/A,N/A,N/A,N/A,N/A,N/A,N/A,N/A,N/A,N/A,N/A,N/A,N/A,N/A,N/A,N/A,N/A,N/A
03/17/2016-13:28:37,3/17/2016,714,Westgate,POR,SA,11.5,-11,-110,-110,204,-110,-110,650,-1000,118.0,110.0,POR,3.0,90.9090909090909,o,24.0,90.9090909090909,SA,8.0,10.0,SA,-3.0,-100,u,-24.0,-100,POR,-8.0,-100
03/17/2016-13:28:37,3/17/2016,714,PinnacleSports.com,POR,SA,11.5,-11,-102,-108,204,-110,100,638,-800,118.0,110.0,POR,3.0,98.0392156862745,o,24.0,90.9090909090909,SA,8.0,12.5,SA,-3.0,-100,u,-24.0,-100,POR,-8.0,-100
03/17/2016-13:28:37,3/17/2016,714,5Dimes.eu,POR,SA,11.5,-11,-105,-105,204,-105,-105,600,-750,118.0,110.0,POR,3.0,95.23809523809523,o,24.0,95.23809523809523,SA,8.0,13.333333333333334,SA,-3.0,-100,u,-24.0,-100,POR,-8.0,-100
03/17/2016-13:28:37,3/17/2016,714,BOVADA.lv,POR,SA,11.5,-11,-105,-115,204,N/A,N/A,N/A,N/A,118.0,110.0,POR,3.0,95.23809523809523,N/A,N/A,N/A,N/A,N/A,N/A,SA,-3.0,-100,N/A,N/A,N/A,N/A,N/A,N/A
03/17/2016-13:28:37,3/17/2016,714,BETONLINE.ag,POR,SA,11.5,-11,-105,-115,204,-110,-110,635,-850,118.0,110.0,POR,3.0,95.23809523809523,o,24.0,90.9090909090909,SA,8.0,11.76470588235294,SA,-3.0,-100,u,-24.0,-100,POR,-8.0,-100
03/17/2016-13:28:37,3/17/2016,714,SportsBetting.ag,POR,SA,N/A,N/A,N/A,N/A,N/A,N/A,N/A,N/A,N/A,118.0,110.0,N/A,N/A,N/A,N/A,N/A,N/A,N/A,N/A,N/A,N/A,N/A,N/A,N/A,N/A,N/A,N/A,N/A,N/A
03/17/2016-13:28:37,3/17/2016,702,Westgate,WSH,PHI,-9.5,9,-110,-110,218,-110,-110,-550,425,94.0,99.0,PHI,4.0,90.9090909090909,u,25.0,90.9090909090909,WSH,5.0,425.0,WSH,-4.0,-100,o,-25.0,-100,PHI,-5.0,-100
03/17/2016-13:28:37,3/17/2016,702,PinnacleSports.com,WSH,PHI,-9.5,9,-107,-103,218,-102,-108,-505,427,94.0,99.0,PHI,4.0,93.45794392523365,u,25.0,98.0392156862745,WSH,5.0,427.0,WSH,-4.0,-100,o,-25.0,-100,PHI,-5.0,-100
03/17/2016-13:28:37,3/17/2016,702,5Dimes.eu,WSH,PHI,-9.5,9,-105,-105,218,-102,-108,-500,435,94.0,99.0,PHI,4.0,95.23809523809523,u,25.0,98.0392156862745,WSH,5.0,435.0,WSH,-4.0,-100,o,-25.0,-100,PHI,-5.0,-100
03/17/2016-13:28:37,3/17/2016,702,BOVADA.lv,WSH,PHI,-9.5,9,-110,-110,218,N/A,N/A,N/A,N/A,94.0,99.0,PHI,4.0,90.9090909090909,N/A,N/A,N/A,N/A,N/A,N/A,WSH,-4.0,-100,N/A,N/A,N/A,N/A,N/A,N/A
03/17/2016-13:28:37,3/17/2016,702,BETONLINE.ag,WSH,PHI,-9.5,9,-110,-110,218,-110,-110,-515,420,94.0,99.0,PHI,4.0,90.9090909090909,u,25.0,90.9090909090909,WSH,5.0,420.0,WSH,-4.0,-100,o,-25.0,-100,PHI,-5.0,-100
03/17/2016-13:28:37,3/17/2016,702,SportsBetting.ag,WSH,PHI,N/A,N/A,N/A,N/A,N/A,N/A,N/A,N/A,N/A,94.0,99.0,N/A,N/A,N/A,N/A,N/A,N/A,N/A,N/A,N/A,N/A,N/A,N/A,N/A,N/A,N/A,N/A,N/A,N/A
03/18/2016-18:07:23,3/18/2016,802,Westgate,OKC,PHI,-15.5,15,-110,-110,219.5,-110,-110,-6000,1600,97.0,111.0,PHI,1.0,90.9090909090909,u,11.5,90.9090909090909,OKC,14.0,1600.0,OKC,-1.0,-100,o,-11.5,-100,PHI,-14.0,-100
03/18/2016-18:07:23,3/18/2016,802,PinnacleSports.com,OKC,PHI,-15.5,15,-110,100,219.5,-105,-105,-3333,1768,97.0,111.0,PHI,1.0,90.9090909090909,u,11.5,95.23809523809523,OKC,14.0,1768.0,OKC,-1.0,-100,o,-11.5,-100,PHI,-14.0,-100
03/18/2016-18:07:23,3/18/2016,802,5Dimes.eu,OKC,PHI,-17,17,-102,-108,219.5,-105,-105,-2700,2000,97.0,111.0,PHI,3.0,98.0392156862745,u,11.5,95.23809523809523,OKC,14.0,2000.0,OKC,-3.0,-100,o,-11.5,-100,PHI,-14.0,-100
03/18/2016-18:07:23,3/18/2016,802,BOVADA.lv,OKC,PHI,-16,16,-110,-110,220,N/A,N/A,N/A,N/A,97.0,111.0,PHI,2.0,90.9090909090909,N/A,N/A,N/A,N/A,N/A,N/A,OKC,-2.0,-100,N/A,N/A,N/A,N/A,N/A,N/A
03/18/2016-18:07:23,3/18/2016,802,BETONLINE.ag,OKC,PHI,-15.5,15,-110,-110,219.5,-110,-110,N/A,N/A,97.0,111.0,PHI,1.0,90.9090909090909,u,11.5,90.9090909090909,N/A,N/A,N/A,OKC,-1.0,-100,o,-11.5,-100,N/A,N/A,N/A
03/18/2016-18:07:23,3/18/2016,802,SportsBetting.ag,OKC,PHI,N/A,N/A,N/A,N/A,N/A,N/A,N/A,N/A,N/A,97.0,111.0,N/A,N/A,N/A,N/A,N/A,N/A,N/A,N/A,N/A,N/A,N/A,N/A,N/A,N/A,N/A,N/A,N/A,N/A
03/18/2016-18:07:23,3/18/2016,804,Westgate,CLE,ORL,-10,10,-110,-110,211.5,-110,-110,-600,450,103.0,109.0,ORL,4.0,90.9090909090909,o,0.5,90.9090909090909,CLE,6.0,450.0,CLE,-4.0,-100,u,-0.5,-100,ORL,-6.0,-100
03/18/2016-18:07:23,3/18/2016,804,PinnacleSports.com,CLE,ORL,-10,10,-101,-109,211,-106,-104,-543,456,103.0,109.0,ORL,4.0,99.00990099009901,o,1.0,94.33962264150944,CLE,6.0,456.0,CLE,-4.0,-100,u,-1.0,-100,ORL,-6.0,-100
03/18/2016-18:07:23,3/18/2016,804,5Dimes.eu,CLE,ORL,-10,10,-101,-109,211.5,-103,-107,-515,445,103.0,109.0,ORL,4.0,99.00990099009901,o,0.5,97.0873786407767,CLE,6.0,445.0,CLE,-4.0,-100,u,-0.5,-100,ORL,-6.0,-100
03/18/2016-18:07:23,3/18/2016,804,BOVADA.lv,CLE,ORL,-10,10,-110,-110,211,N/A,N/A,-600,400,103.0,109.0,ORL,4.0,90.9090909090909,N/A,N/A,N/A,CLE,6.0,400.0,CLE,-4.0,-100,N/A,N/A,N/A,ORL,-6.0,-100
03/18/2016-18:07:23,3/18/2016,804,BETONLINE.ag,CLE,ORL,-10,10,-110,-110,211.5,-110,-110,-550,445,103.0,109.0,ORL,4.0,90.9090909090909,o,0.5,90.9090909090909,CLE,6.0,445.0,CLE,-4.0,-100,u,-0.5,-100,ORL,-6.0,-100
03/18/2016-18:07:23,3/18/2016,804,SportsBetting.ag,CLE,ORL,N/A,N/A,N/A,N/A,N/A,N/A,N/A,N/A,N/A,103.0,109.0,N/A,N/A,N/A,N/A,N/A,N/A,N/A,N/A,N/A,N/A,N/A,N/A,N/A,N/A,N/A,N/A,N/A,N/A
03/18/2016-18:07:23,3/18/2016,812,Westgate,MIN,HOU,8.5,-8,-110,-110,224,-110,-110,360,-430,116.0,111.0,MIN,3.0,90.9090909090909,o,3.0,90.9090909090909,HOU,5.0,23.25581395348837,HOU,-3.0,-100,u,-3.0,-100,MIN,-5.0,-100
03/18/2016-18:07:23,3/18/2016,812,PinnacleSports.com,MIN,HOU,8.5,-8,100,-110,224,-105,-105,376,-439,116.0,111.0,MIN,3.0,100.0,o,3.0,95.23809523809523,HOU,5.0,22.779043280182233,HOU,-3.0,-100,u,-3.0,-100,MIN,-5.0,-100
03/18/2016-18:07:23,3/18/2016,812,5Dimes.eu,MIN,HOU,9,-9,-109,-101,224,-105,-105,375,-420,116.0,111.0,MIN,4.0,91.74311926605505,o,3.0,95.23809523809523,HOU,5.0,23.809523809523807,HOU,-4.0,-100,u,-3.0,-100,MIN,-5.0,-100
03/18/2016-18:07:23,3/18/2016,812,BOVADA.lv,MIN,HOU,9,-9,-105,-115,224,N/A,N/A,350,-500,116.0,111.0,MIN,4.0,95.23809523809523,N/A,N/A,N/A,HOU,5.0,20.0,HOU,-4.0,-100,N/A,N/A,N/A,MIN,-5.0,-100
03/18/2016-18:07:23,3/18/2016,812,BETONLINE.ag,MIN,HOU,8.5,-8,-105,-115,224,-110,-110,370,-440,116.0,111.0,MIN,3.0,95.23809523809523,o,3.0,90.9090909090909,HOU,5.0,22.727272727272727,HOU,-3.0,-100,u,-3.0,-100,MIN,-5.0,-100
03/18/2016-18:07:23,3/18/2016,812,SportsBetting.ag,MIN,HOU,N/A,N/A,N/A,N/A,N/A,N/A,N/A,N/A,N/A,116.0,111.0,N/A,N/A,N/A,N/A,N/A,N/A,N/A,N/A,N/A,N/A,N/A,N/A,N/A,N/A,N/A,N/A,N/A,N/A
03/18/2016-18:07:23,3/18/2016,806,Westgate,SAC,DET,7,-7,-110,-110,218.5,-110,-110,250,-300,115.0,108.0,N/A,0,0,o,4.5,90.9090909090909,DET,7.0,33.33333333333333,N/A,0,0,u,-4.5,-100,SAC,-7.0,-100
03/18/2016-18:07:23,3/18/2016,806,PinnacleSports.com,SAC,DET,7,-7,-105,-105,218.5,-110,100,256,-290,115.0,108.0,N/A,0,0,o,4.5,90.9090909090909,DET,7.0,34.48275862068966,N/A,0,0,u,-4.5,-100,SAC,-7.0,-100
03/18/2016-18:07:23,3/18/2016,806,5Dimes.eu,SAC,DET,6.5,-6,-102,-108,218.5,-107,-103,248,-270,115.0,108.0,DET,1.0,98.0392156862745,o,4.5,93.45794392523365,DET,7.0,37.03703703703704,SAC,-1.0,-100,u,-4.5,-100,SAC,-7.0,-100
03/18/2016-18:07:23,3/18/2016,806,BOVADA.lv,SAC,DET,7,-7,-110,-110,218,N/A,N/A,240,-280,115.0,108.0,N/A,0,0,N/A,N/A,N/A,DET,7.0,35.714285714285715,N/A,0,0,N/A,N/A,N/A,SAC,-7.0,-100
03/18/2016-18:07:23,3/18/2016,806,BETONLINE.ag,SAC,DET,6.5,-6,-110,-110,218.5,-110,-110,230,-275,115.0,108.0,DET,1.0,90.9090909090909,o,4.5,90.9090909090909,DET,7.0,36.36363636363637,SAC,-1.0,-100,u,-4.5,-100,SAC,-7.0,-100
03/18/2016-18:07:23,3/18/2016,806,SportsBetting.ag,SAC,DET,N/A,N/A,N/A,N/A,N/A,N/A,N/A,N/A,N/A,115.0,108.0,N/A,N/A,N/A,N/A,N/A,N/A,N/A,N/A,N/A,N/A,N/A,N/A,N/A,N/A,N/A,N/A,N/A,N/A
03/18/2016-18:07:23,3/18/2016,816,Westgate,PHX,LAL,3.5,-3,-110,-110,215.5,-110,-110,145,-165,90.0,95.0,PHX,8.0,90.9090909090909,u,30.5,90.9090909090909,PHX,5.0,60.60606060606061,LAL,-8.0,-100,o,-30.5,-100,LAL,-5.0,-100
03/18/2016-18:07:23,3/18/2016,816,PinnacleSports.com,PHX,LAL,3.5,-3,-103,-107,215.5,-108,-102,144,-160,90.0,95.0,PHX,8.0,97.0873786407767,u,30.5,92.5925925925926,PHX,5.0,62.5,LAL,-8.0,-100,o,-30.5,-100,LAL,-5.0,-100
03/18/2016-18:07:23,3/18/2016,816,5Dimes.eu,PHX,LAL,3.5,-3,-101,-109,215.5,-105,-105,155,-165,90.0,95.0,PHX,8.0,99.00990099009901,u,30.5,95.23809523809523,PHX,5.0,60.60606060606061,LAL,-8.0,-100,o,-30.5,-100,LAL,-5.0,-100
03/18/2016-18:07:23,3/18/2016,816,BOVADA.lv,PHX,LAL,4,-4,-110,-110,215,N/A,N/A,145,-165,90.0,95.0,PHX,9.0,90.9090909090909,N/A,N/A,N/A,PHX,5.0,60.60606060606061,LAL,-9.0,-100,N/A,N/A,N/A,LAL,-5.0,-100
03/18/2016-18:07:23,3/18/2016,816,BETONLINE.ag,PHX,LAL,3.5,-3,-110,-110,215.5,-110,-110,145,-165,90.0,95.0,PHX,8.0,90.9090909090909,u,30.5,90.9090909090909,PHX,5.0,60.60606060606061,LAL,-8.0,-100,o,-30.5,-100,LAL,-5.0,-100
03/18/2016-18:07:23,3/18/2016,816,SportsBetting.ag,PHX,LAL,N/A,N/A,N/A,N/A,N/A,N/A,N/A,N/A,N/A,90.0,95.0,N/A,N/A,N/A,N/A,N/A,N/A,N/A,N/A,N/A,N/A,N/A,N/A,N/A,N/A,N/A,N/A,N/A,N/A
03/18/2016-18:07:23,3/18/2016,814,Westgate,GS,DAL,-9,9,-110,-110,227,-110,-110,-550,425,112.0,130.0,GS,9.0,90.9090909090909,o,15.0,90.9090909090909,GS,18.0,425.0,DAL,-9.0,-100,u,-15.0,-100,DAL,-18.0,-100
03/18/2016-18:07:23,3/18/2016,814,PinnacleSports.com,GS,DAL,-9,9,-108,-102,226.5,-105,-105,-457,390,112.0,130.0,GS,9.0,92.5925925925926,o,15.5,95.23809523809523,GS,18.0,390.0,DAL,-9.0,-100,u,-15.5,-100,DAL,-18.0,-100
03/18/2016-18:07:23,3/18/2016,814,5Dimes.eu,GS,DAL,-9,9,-108,-102,227,-105,-105,-450,400,112.0,130.0,GS,9.0,92.5925925925926,o,15.0,95.23809523809523,GS,18.0,400.0,DAL,-9.0,-100,u,-15.0,-100,DAL,-18.0,-100
03/18/2016-18:07:23,3/18/2016,814,BOVADA.lv,GS,DAL,-10,10,-105,-115,227,N/A,N/A,-550,375,112.0,130.0,GS,8.0,95.23809523809523,N/A,N/A,N/A,GS,18.0,375.0,DAL,-8.0,-100,N/A,N/A,N/A,DAL,-18.0,-100
03/18/2016-18:07:23,3/18/2016,814,BETONLINE.ag,GS,DAL,-9,9,-110,-110,227,-110,-110,-470,395,112.0,130.0,GS,9.0,90.9090909090909,o,15.0,90.9090909090909,GS,18.0,395.0,DAL,-9.0,-100,u,-15.0,-100,DAL,-18.0,-100
03/18/2016-18:07:23,3/18/2016,814,SportsBetting.ag,GS,DAL,N/A,N/A,N/A,N/A,N/A,N/A,N/A,N/A,N/A,112.0,130.0,N/A,N/A,N/A,N/A,N/A,N/A,N/A,N/A,N/A,N/A,N/A,N/A,N/A,N/A,N/A,N/A,N/A,N/A
03/18/2016-18:07:23,3/18/2016,808,Westgate,BOS,TOR,N/A,N/A,N/A,N/A,209,-110,-110,-110,-110,105.0,91.0,N/A,N/A,N/A,u,13.0,90.9090909090909,TOR,14.0,90.9090909090909,N/A,N/A,N/A,o,-13.0,-100,BOS,-14.0,-100
03/18/2016-18:07:23,3/18/2016,808,PinnacleSports.com,BOS,TOR,1,-1,-108,-102,209.5,-105,-105,-101,-109,105.0,91.0,TOR,13.0,92.5925925925926,u,13.5,95.23809523809523,TOR,14.0,91.74311926605505,BOS,-13.0,-100,o,-13.5,-100,BOS,-14.0,-100
03/18/2016-18:07:23,3/18/2016,808,5Dimes.eu,BOS,TOR,1,-1,-112,102,209.5,-101,-109,-105,-105,105.0,91.0,TOR,13.0,89.28571428571429,u,13.5,99.00990099009901,TOR,14.0,95.23809523809523,BOS,-13.0,-100,o,-13.5,-100,BOS,-14.0,-100
03/18/2016-18:07:23,3/18/2016,808,BOVADA.lv,BOS,TOR,N/A,N/A,N/A,N/A,N/A,N/A,N/A,N/A,N/A,105.0,91.0,N/A,N/A,N/A,N/A,N/A,N/A,N/A,N/A,N/A,N/A,N/A,N/A,N/A,N/A,N/A,N/A,N/A,N/A
03/18/2016-18:07:23,3/18/2016,808,BETONLINE.ag,BOS,TOR,N/A,N/A,N/A,N/A,208.5,-115,-105,105,-125,105.0,91.0,N/A,N/A,N/A,u,12.5,86.95652173913044,TOR,14.0,80.0,N/A,N/A,N/A,o,-12.5,-100,BOS,-14.0,-100
03/18/2016-18:07:23,3/18/2016,808,SportsBetting.ag,BOS,TOR,N/A,N/A,N/A,N/A,N/A,N/A,N/A,N/A,N/A,105.0,91.0,N/A,N/A,N/A,N/A,N/A,N/A,N/A,N/A,N/A,N/A,N/A,N/A,N/A,N/A,N/A,N/A,N/A,N/A
03/18/2016-18:07:23,3/18/2016,810,Westgate,POR,NO,-2.5,2,-110,-110,219.5,-110,-110,-140,120,112.0,117.0,POR,3.0,90.9090909090909,o,9.5,90.9090909090909,POR,5.0,120.0,NO,-3.0,-100,u,-9.5,-100,NO,-5.0,-100
03/18/2016-18:07:23,3/18/2016,810,PinnacleSports.com,POR,NO,-2.5,2,-110,100,219,-103,-107,-133,120,112.0,117.0,POR,3.0,90.9090909090909,o,10.0,97.0873786407767,POR,5.0,120.0,NO,-3.0,-100,u,-10.0,-100,NO,-5.0,-100
03/18/2016-18:07:23,3/18/2016,810,5Dimes.eu,POR,NO,-2.5,2,-102,-108,220,-105,-105,-135,125,112.0,117.0,POR,3.0,98.0392156862745,o,9.0,95.23809523809523,POR,5.0,125.0,NO,-3.0,-100,u,-9.0,-100,NO,-5.0,-100
03/18/2016-18:07:23,3/18/2016,810,BOVADA.lv,POR,NO,-2.5,2,-110,-110,220,N/A,N/A,N/A,N/A,112.0,117.0,POR,3.0,90.9090909090909,N/A,N/A,N/A,N/A,N/A,N/A,NO,-3.0,-100,N/A,N/A,N/A,N/A,N/A,N/A
03/18/2016-18:07:23,3/18/2016,810,BETONLINE.ag,POR,NO,-2,2,-115,-105,219.5,-110,-110,-135,115,112.0,117.0,POR,3.0,86.95652173913044,o,9.5,90.9090909090909,POR,5.0,115.0,NO,-3.0,-100,u,-9.5,-100,NO,-5.0,-100
03/18/2016-18:07:23,3/18/2016,810,SportsBetting.ag,POR,NO,N/A,N/A,N/A,N/A,N/A,N/A,N/A,N/A,N/A,112.0,117.0,N/A,N/A,N/A,N/A,N/A,N/A,N/A,N/A,N/A,N/A,N/A,N/A,N/A,N/A,N/A,N/A,N/A,N/A
03/19/2016-14:25:23,3/19/2016,504,Westgate,OKC,IND,-3.5,3,-110,-110,210.5,-110,-110,-165,145,111.0,115.0,OKC,1.0,90.9090909090909,o,15.5,90.9090909090909,OKC,4.0,145.0,IND,-1.0,-100,u,-15.5,-100,IND,-4.0,-100
03/19/2016-14:25:23,3/19/2016,504,PinnacleSports.com,OKC,IND,-3.5,3,-107,-103,210,-105,-105,-162,146,111.0,115.0,OKC,1.0,93.45794392523365,o,16.0,95.23809523809523,OKC,4.0,146.0,IND,-1.0,-100,u,-16.0,-100,IND,-4.0,-100
03/19/2016-14:25:23,3/19/2016,504,5Dimes.eu,OKC,IND,-3.5,3,-108,-102,210,-105,-105,-160,150,111.0,115.0,OKC,1.0,92.5925925925926,o,16.0,95.23809523809523,OKC,4.0,150.0,IND,-1.0,-100,u,-16.0,-100,IND,-4.0,-100
03/19/2016-14:25:23,3/19/2016,504,BOVADA.lv,OKC,IND,-4,4,-110,-110,211,N/A,N/A,N/A,N/A,111.0,115.0,N/A,0,0,N/A,N/A,N/A,N/A,N/A,N/A,N/A,0,0,N/A,N/A,N/A,N/A,N/A,N/A
03/19/2016-14:25:23,3/19/2016,504,BETONLINE.ag,OKC,IND,-3.5,3,-112,-108,210,-110,-110,-165,145,111.0,115.0,OKC,1.0,89.28571428571429,o,16.0,90.9090909090909,OKC,4.0,145.0,IND,-1.0,-100,u,-16.0,-100,IND,-4.0,-100
03/19/2016-14:25:23,3/19/2016,504,SportsBetting.ag,OKC,IND,N/A,N/A,N/A,N/A,N/A,N/A,N/A,N/A,N/A,111.0,115.0,N/A,N/A,N/A,N/A,N/A,N/A,N/A,N/A,N/A,N/A,N/A,N/A,N/A,N/A,N/A,N/A,N/A,N/A
03/19/2016-14:25:23,3/19/2016,506,Westgate,BKN,DET,8.5,-8,-110,-110,210.5,-110,-110,375,-450,115.0,103.0,DET,4.0,90.9090909090909,o,7.5,90.9090909090909,DET,12.0,22.22222222222222,BKN,-4.0,-100,u,-7.5,-100,BKN,-12.0,-100
03/19/2016-14:25:23,3/19/2016,506,PinnacleSports.com,BKN,DET,8.5,-8,100,-110,210.5,-105,-105,369,-430,115.0,103.0,DET,4.0,100.0,o,7.5,95.23809523809523,DET,12.0,23.25581395348837,BKN,-4.0,-100,u,-7.5,-100,BKN,-12.0,-100
03/19/2016-14:25:23,3/19/2016,506,5Dimes.eu,BKN,DET,8.5,-8,-105,-105,210.5,-105,-105,360,-405,115.0,103.0,DET,4.0,95.23809523809523,o,7.5,95.23809523809523,DET,12.0,24.691358024691358,BKN,-4.0,-100,u,-7.5,-100,BKN,-12.0,-100
03/19/2016-14:25:23,3/19/2016,506,BOVADA.lv,BKN,DET,9,-9,-115,-105,210,N/A,N/A,N/A,N/A,115.0,103.0,DET,3.0,86.95652173913044,N/A,N/A,N/A,N/A,N/A,N/A,BKN,-3.0,-100,N/A,N/A,N/A,N/A,N/A,N/A
03/19/2016-14:25:23,3/19/2016,506,BETONLINE.ag,BKN,DET,9,-9,-115,-105,210.5,-110,-110,365,-435,115.0,103.0,DET,3.0,86.95652173913044,o,7.5,90.9090909090909,DET,12.0,22.988505747126435,BKN,-3.0,-100,u,-7.5,-100,BKN,-12.0,-100
03/19/2016-14:25:23,3/19/2016,506,SportsBetting.ag,BKN,DET,N/A,N/A,N/A,N/A,N/A,N/A,N/A,N/A,N/A,115.0,103.0,N/A,N/A,N/A,N/A,N/A,N/A,N/A,N/A,N/A,N/A,N/A,N/A,N/A,N/A,N/A,N/A,N/A,N/A
03/19/2016-14:25:23,3/19/2016,508,Westgate,NY,WSH,8,-8,-110,-110,206.5,-110,-110,320,-380,99.0,89.0,WSH,2.0,90.9090909090909,u,18.5,90.9090909090909,WSH,10.0,26.31578947368421,NY,-2.0,-100,o,-18.5,-100,NY,-10.0,-100
03/19/2016-14:25:23,3/19/2016,508,PinnacleSports.com,NY,WSH,8,-8,-106,-104,206.5,-114,103,295,-337,99.0,89.0,WSH,2.0,94.33962264150944,u,18.5,87.71929824561403,WSH,10.0,29.673590504451035,NY,-2.0,-100,o,-18.5,-100,NY,-10.0,-100
03/19/2016-14:25:23,3/19/2016,508,5Dimes.eu,NY,WSH,8,-8,-105,-105,207,-105,-105,305,-335,99.0,89.0,WSH,2.0,95.23809523809523,u,19.0,95.23809523809523,WSH,10.0,29.850746268656714,NY,-2.0,-100,o,-19.0,-100,NY,-10.0,-100
03/19/2016-14:25:23,3/19/2016,508,BOVADA.lv,NY,WSH,N/A,N/A,N/A,N/A,N/A,N/A,N/A,N/A,N/A,99.0,89.0,N/A,N/A,N/A,N/A,N/A,N/A,N/A,N/A,N/A,N/A,N/A,N/A,N/A,N/A,N/A,N/A,N/A,N/A
03/19/2016-14:25:23,3/19/2016,508,BETONLINE.ag,NY,WSH,8,-8,-110,-110,207,-110,-110,300,-360,99.0,89.0,WSH,2.0,90.9090909090909,u,19.0,90.9090909090909,WSH,10.0,27.77777777777778,NY,-2.0,-100,o,-19.0,-100,NY,-10.0,-100
03/19/2016-14:25:23,3/19/2016,508,SportsBetting.ag,NY,WSH,N/A,N/A,N/A,N/A,N/A,N/A,N/A,N/A,N/A,99.0,89.0,N/A,N/A,N/A,N/A,N/A,N/A,N/A,N/A,N/A,N/A,N/A,N/A,N/A,N/A,N/A,N/A,N/A,N/A
03/19/2016-14:25:23,3/19/2016,514,Westgate,UTAH,CHI,2,-2,-110,-110,195,-110,-110,110,-130,92.0,85.0,CHI,5.0,90.9090909090909,u,18.0,90.9090909090909,CHI,7.0,76.92307692307693,UTAH,-5.0,-100,o,-18.0,-100,UTAH,-7.0,-100
03/19/2016-14:25:23,3/19/2016,514,PinnacleSports.com,UTAH,CHI,2,-2,-103,-107,194.5,-110,100,116,-128,92.0,85.0,CHI,5.0,97.0873786407767,u,17.5,90.9090909090909,CHI,7.0,78.125,UTAH,-5.0,-100,o,-17.5,-100,UTAH,-7.0,-100
03/19/2016-14:25:23,3/19/2016,514,5Dimes.eu,UTAH,CHI,2,-2,-107,-103,195,-103,-107,115,-125,92.0,85.0,CHI,5.0,93.45794392523365,u,18.0,97.0873786407767,CHI,7.0,80.0,UTAH,-5.0,-100,o,-18.0,-100,UTAH,-7.0,-100
03/19/2016-14:25:23,3/19/2016,514,BOVADA.lv,UTAH,CHI,N/A,N/A,N/A,N/A,N/A,N/A,N/A,N/A,N/A,92.0,85.0,N/A,N/A,N/A,N/A,N/A,N/A,N/A,N/A,N/A,N/A,N/A,N/A,N/A,N/A,N/A,N/A,N/A,N/A
03/19/2016-14:25:23,3/19/2016,514,BETONLINE.ag,UTAH,CHI,2,-2,-108,-112,195,-110,-110,112,-132,92.0,85.0,CHI,5.0,92.5925925925926,u,18.0,90.9090909090909,CHI,7.0,75.75757575757575,UTAH,-5.0,-100,o,-18.0,-100,UTAH,-7.0,-100
03/19/2016-14:25:23,3/19/2016,514,SportsBetting.ag,UTAH,CHI,N/A,N/A,N/A,N/A,N/A,N/A,N/A,N/A,N/A,92.0,85.0,N/A,N/A,N/A,N/A,N/A,N/A,N/A,N/A,N/A,N/A,N/A,N/A,N/A,N/A,N/A,N/A,N/A,N/A
03/19/2016-14:25:23,3/19/2016,502,Westgate,DEN,CHA,9.5,-9,-110,-110,216.5,-110,-110,425,-550,93.0,101.0,DEN,17.0,90.9090909090909,u,22.5,90.9090909090909,DEN,8.0,18.181818181818183,CHA,-17.0,-100,o,-22.5,-100,CHA,-8.0,-100
03/19/2016-14:25:23,3/19/2016,502,PinnacleSports.com,DEN,CHA,9.5,-9,-104,-106,216.5,-107,-103,427,-505,93.0,101.0,DEN,17.0,96.15384615384616,u,22.5,93.45794392523365,DEN,8.0,19.801980198019802,CHA,-17.0,-100,o,-22.5,-100,CHA,-8.0,-100
03/19/2016-14:25:23,3/19/2016,502,5Dimes.eu,DEN,CHA,9.5,-9,-105,-105,216,-105,-105,435,-500,93.0,101.0,DEN,17.0,95.23809523809523,u,22.0,95.23809523809523,DEN,8.0,20.0,CHA,-17.0,-100,o,-22.0,-100,CHA,-8.0,-100
03/19/2016-14:25:23,3/19/2016,502,BOVADA.lv,DEN,CHA,10,-10,-110,-110,216,N/A,N/A,N/A,N/A,93.0,101.0,DEN,18.0,90.9090909090909,N/A,N/A,N/A,N/A,N/A,N/A,CHA,-18.0,-100,N/A,N/A,N/A,N/A,N/A,N/A
03/19/2016-14:25:23,3/19/2016,502,BETONLINE.ag,DEN,CHA,9.5,-9,-113,-107,216.5,-107,-113,420,-515,93.0,101.0,DEN,17.0,88.49557522123894,u,22.5,93.45794392523365,DEN,8.0,19.41747572815534,CHA,-17.0,-100,o,-22.5,-100,CHA,-8.0,-100
03/19/2016-14:25:23,3/19/2016,502,SportsBetting.ag,DEN,CHA,N/A,N/A,N/A,N/A,N/A,N/A,N/A,N/A,N/A,93.0,101.0,N/A,N/A,N/A,N/A,N/A,N/A,N/A,N/A,N/A,N/A,N/A,N/A,N/A,N/A,N/A,N/A,N/A,N/A
03/19/2016-14:25:23,3/19/2016,518,Westgate,GS,SA,4.5,-4,-110,-110,217.5,-110,-110,175,-200,87.0,79.0,SA,4.0,90.9090909090909,u,51.5,90.9090909090909,SA,8.0,50.0,GS,-4.0,-100,o,-51.5,-100,GS,-8.0,-100
03/19/2016-14:25:23,3/19/2016,518,PinnacleSports.com,GS,SA,4.5,-4,100,-110,217.5,-102,-108,169,-188,87.0,79.0,SA,4.0,100.0,u,51.5,98.0392156862745,SA,8.0,53.191489361702125,GS,-4.0,-100,o,-51.5,-100,GS,-8.0,-100
03/19/2016-14:25:23,3/19/2016,518,5Dimes.eu,GS,SA,4.5,-4,-101,-109,217.5,-105,-105,167,-178,87.0,79.0,SA,4.0,99.00990099009901,u,51.5,95.23809523809523,SA,8.0,56.17977528089888,GS,-4.0,-100,o,-51.5,-100,GS,-8.0,-100
03/19/2016-14:25:23,3/19/2016,518,BOVADA.lv,GS,SA,4,-4,-110,-110,218,N/A,N/A,N/A,N/A,87.0,79.0,SA,4.0,90.9090909090909,N/A,N/A,N/A,N/A,N/A,N/A,GS,-4.0,-100,N/A,N/A,N/A,N/A,N/A,N/A
03/19/2016-14:25:23,3/19/2016,518,BETONLINE.ag,GS,SA,5,-5,-111,-109,217.5,-110,-110,175,-205,87.0,79.0,SA,3.0,90.09009009009009,u,51.5,90.9090909090909,SA,8.0,48.78048780487805,GS,-3.0,-100,o,-51.5,-100,GS,-8.0,-100
03/19/2016-14:25:23,3/19/2016,518,SportsBetting.ag,GS,SA,N/A,N/A,N/A,N/A,N/A,N/A,N/A,N/A,N/A,87.0,79.0,N/A,N/A,N/A,N/A,N/A,N/A,N/A,N/A,N/A,N/A,N/A,N/A,N/A,N/A,N/A,N/A,N/A,N/A
03/19/2016-14:25:23,3/19/2016,516,Westgate,LAC,MEM,-10,10,-110,-110,199.5,-110,-110,-600,450,113.0,102.0,MEM,21.0,90.9090909090909,o,15.5,90.9090909090909,MEM,11.0,450.0,LAC,-21.0,-100,u,-15.5,-100,LAC,-11.0,-100
03/19/2016-14:25:23,3/19/2016,516,PinnacleSports.com,LAC,MEM,-10,10,-102,-108,199.5,-108,-102,-535,450,113.0,102.0,MEM,21.0,98.0392156862745,o,15.5,92.5925925925926,MEM,11.0,450.0,LAC,-21.0,-100,u,-15.5,-100,LAC,-11.0,-100
03/19/2016-14:25:23,3/19/2016,516,5Dimes.eu,LAC,MEM,-10,10,-102,-108,199.5,-105,-105,-525,450,113.0,102.0,MEM,21.0,98.0392156862745,o,15.5,95.23809523809523,MEM,11.0,450.0,LAC,-21.0,-100,u,-15.5,-100,LAC,-11.0,-100
03/19/2016-14:25:23,3/19/2016,516,BOVADA.lv,LAC,MEM,-10,10,-110,-110,199,N/A,N/A,N/A,N/A,113.0,102.0,MEM,21.0,90.9090909090909,N/A,N/A,N/A,N/A,N/A,N/A,LAC,-21.0,-100,N/A,N/A,N/A,N/A,N/A,N/A
03/19/2016-14:25:23,3/19/2016,516,BETONLINE.ag,LAC,MEM,-10,10,-110,-110,199.5,-110,-110,-550,445,113.0,102.0,MEM,21.0,90.9090909090909,o,15.5,90.9090909090909,MEM,11.0,445.0,LAC,-21.0,-100,u,-15.5,-100,LAC,-11.0,-100
03/19/2016-14:25:23,3/19/2016,516,SportsBetting.ag,LAC,MEM,N/A,N/A,N/A,N/A,N/A,N/A,N/A,N/A,N/A,113.0,102.0,N/A,N/A,N/A,N/A,N/A,N/A,N/A,N/A,N/A,N/A,N/A,N/A,N/A,N/A,N/A,N/A,N/A,N/A
03/19/2016-14:25:23,3/19/2016,510,Westgate,CLE,MIA,-3,3,-110,-110,207.5,-110,-110,-150,130,122.0,101.0,MIA,24.0,90.9090909090909,o,15.5,90.9090909090909,MIA,21.0,130.0,CLE,-24.0,-100,u,-15.5,-100,CLE,-21.0,-100
03/19/2016-14:25:23,3/19/2016,510,PinnacleSports.com,CLE,MIA,-3,3,-105,-105,207,-113,102,-145,131,122.0,101.0,MIA,24.0,95.23809523809523,o,16.0,88.49557522123894,MIA,21.0,131.0,CLE,-24.0,-100,u,-16.0,-100,CLE,-21.0,-100
03/19/2016-14:25:23,3/19/2016,510,5Dimes.eu,CLE,MIA,-3,3,-105,-105,207,-102,-108,-145,135,122.0,101.0,MIA,24.0,95.23809523809523,o,16.0,98.0392156862745,MIA,21.0,135.0,CLE,-24.0,-100,u,-16.0,-100,CLE,-21.0,-100
03/19/2016-14:25:23,3/19/2016,510,BOVADA.lv,CLE,MIA,-3.5,3,-105,-115,207,N/A,N/A,N/A,N/A,122.0,101.0,MIA,24.0,95.23809523809523,N/A,N/A,N/A,N/A,N/A,N/A,CLE,-24.0,-100,N/A,N/A,N/A,N/A,N/A,N/A
03/19/2016-14:25:23,3/19/2016,510,BETONLINE.ag,CLE,MIA,-3,3,-110,-110,207,-113,-107,-150,130,122.0,101.0,MIA,24.0,90.9090909090909,o,16.0,88.49557522123894,MIA,21.0,130.0,CLE,-24.0,-100,u,-16.0,-100,CLE,-21.0,-100
03/19/2016-14:25:23,3/19/2016,510,SportsBetting.ag,CLE,MIA,N/A,N/A,N/A,N/A,N/A,N/A,N/A,N/A,N/A,122.0,101.0,N/A,N/A,N/A,N/A,N/A,N/A,N/A,N/A,N/A,N/A,N/A,N/A,N/A,N/A,N/A,N/A,N/A,N/A
03/19/2016-14:25:23,3/19/2016,512,Westgate,HOU,ATL,7,-7,-110,-110,215.5,-110,-110,260,-310,109.0,97.0,ATL,5.0,90.9090909090909,u,9.5,90.9090909090909,ATL,12.0,32.25806451612903,HOU,-5.0,-100,o,-9.5,-100,HOU,-12.0,-100
03/19/2016-14:25:23,3/19/2016,512,PinnacleSports.com,HOU,ATL,7,-7,-107,-103,214.5,100,-110,248,-280,109.0,97.0,ATL,5.0,93.45794392523365,u,8.5,100.0,ATL,12.0,35.714285714285715,HOU,-5.0,-100,o,-8.5,-100,HOU,-12.0,-100
03/19/2016-14:25:23,3/19/2016,512,5Dimes.eu,HOU,ATL,7,-7,-107,-103,215.5,-105,-105,260,-290,109.0,97.0,ATL,5.0,93.45794392523365,u,9.5,95.23809523809523,ATL,12.0,34.48275862068966,HOU,-5.0,-100,o,-9.5,-100,HOU,-12.0,-100
03/19/2016-14:25:23,3/19/2016,512,BOVADA.lv,HOU,ATL,7,-7,-110,-110,215,N/A,N/A,N/A,N/A,109.0,97.0,ATL,5.0,90.9090909090909,N/A,N/A,N/A,N/A,N/A,N/A,HOU,-5.0,-100,N/A,N/A,N/A,N/A,N/A,N/A
03/19/2016-14:25:23,3/19/2016,512,BETONLINE.ag,HOU,ATL,7,-7,-115,-105,215,-110,-110,250,-300,109.0,97.0,ATL,5.0,86.95652173913044,u,9.0,90.9090909090909,ATL,12.0,33.33333333333333,HOU,-5.0,-100,o,-9.0,-100,HOU,-12.0,-100
03/19/2016-14:25:23,3/19/2016,512,SportsBetting.ag,HOU,ATL,N/A,N/A,N/A,N/A,N/A,N/A,N/A,N/A,N/A,109.0,97.0,N/A,N/A,N/A,N/A,N/A,N/A,N/A,N/A,N/A,N/A,N/A,N/A,N/A,N/A,N/A,N/A,N/A,N/A
03/20/2016-04:33:47,3/20/2016,702,Westgate,POR,DAL,-1,1,-110,-110,213,-110,-110,0,0,,,,,,,,,,,,,,,,,,,,
03/20/2016-04:33:47,3/20/2016,702,PinnacleSports.com,POR,DAL,N/A,N/A,N/A,N/A,213,-114,103,-105,-105,,,,,,,,,,,,,,,,,,,,
03/20/2016-04:33:47,3/20/2016,702,5Dimes.eu,POR,DAL,N/A,N/A,N/A,N/A,213,-110,-110,0,0,,,,,,,,,,,,,,,,,,,,
03/20/2016-04:33:47,3/20/2016,702,BOVADA.lv,POR,DAL,N/A,N/A,N/A,N/A,N/A,N/A,N/A,0,0,,,,,,,,,,,,,,,,,,,,
03/20/2016-04:33:47,3/20/2016,702,BETONLINE.ag,POR,DAL,N/A,N/A,N/A,N/A,213,-110,-110,0,0,,,,,,,,,,,,,,,,,,,,
03/20/2016-04:33:47,3/20/2016,702,SportsBetting.ag,POR,DAL,N/A,N/A,N/A,N/A,N/A,N/A,N/A,0,0,,,,,,,,,,,,,,,,,,,,
03/20/2016-04:33:47,3/20/2016,706,Westgate,BOS,PHI,-11,11,-110,-110,215.5,-110,-110,0,0,,,,,,,,,,,,,,,,,,,,
03/20/2016-04:33:47,3/20/2016,706,PinnacleSports.com,BOS,PHI,-10.5,10,-113,102,215,-107,-103,-675,552,,,,,,,,,,,,,,,,,,,,
03/20/2016-04:33:47,3/20/2016,706,5Dimes.eu,BOS,PHI,-11,11,-110,-110,215.5,-110,-110,-750,525,,,,,,,,,,,,,,,,,,,,
03/20/2016-04:33:47,3/20/2016,706,BOVADA.lv,BOS,PHI,-11,11,-105,-115,N/A,N/A,N/A,0,0,,,,,,,,,,,,,,,,,,,,
03/20/2016-04:33:47,3/20/2016,706,BETONLINE.ag,BOS,PHI,-11,11,-110,-110,215.5,-110,-110,0,0,,,,,,,,,,,,,,,,,,,,
03/20/2016-04:33:47,3/20/2016,706,SportsBetting.ag,BOS,PHI,N/A,N/A,N/A,N/A,N/A,N/A,N/A,0,0,,,,,,,,,,,,,,,,,,,,
03/20/2016-04:33:47,3/20/2016,704,Westgate,ORL,TOR,N/A,N/A,N/A,N/A,N/A,N/A,N/A,0,0,,,,,,,,,,,,,,,,,,,,
03/20/2016-04:33:47,3/20/2016,704,PinnacleSports.com,ORL,TOR,9.5,-9,103,-114,N/A,N/A,N/A,432,-511,,,,,,,,,,,,,,,,,,,,
03/20/2016-04:33:47,3/20/2016,704,5Dimes.eu,ORL,TOR,10,-10,-110,-110,210,-110,-110,415,-525,,,,,,,,,,,,,,,,,,,,
03/20/2016-04:33:47,3/20/2016,704,BOVADA.lv,ORL,TOR,N/A,N/A,N/A,N/A,N/A,N/A,N/A,0,0,,,,,,,,,,,,,,,,,,,,
03/20/2016-04:33:47,3/20/2016,704,BETONLINE.ag,ORL,TOR,10,-10,-110,-110,210,-110,-110,0,0,,,,,,,,,,,,,,,,,,,,
03/20/2016-04:33:47,3/20/2016,704,SportsBetting.ag,ORL,TOR,N/A,N/A,N/A,N/A,N/A,N/A,N/A,0,0,,,,,,,,,,,,,,,,,,,,
03/20/2016-04:33:47,3/20/2016,710,Westgate,UTAH,MIL,N/A,N/A,N/A,N/A,N/A,N/A,N/A,0,0,,,,,,,,,,,,,,,,,,,,
03/20/2016-04:33:47,3/20/2016,710,PinnacleSports.com,UTAH,MIL,N/A,N/A,N/A,N/A,N/A,N/A,N/A,0,0,,,,,,,,,,,,,,,,,,,,
03/20/2016-04:33:47,3/20/2016,710,5Dimes.eu,UTAH,MIL,N/A,N/A,N/A,N/A,N/A,N/A,N/A,0,0,,,,,,,,,,,,,,,,,,,,
03/20/2016-04:33:47,3/20/2016,710,BOVADA.lv,UTAH,MIL,N/A,N/A,N/A,N/A,N/A,N/A,N/A,0,0,,,,,,,,,,,,,,,,,,,,
03/20/2016-04:33:47,3/20/2016,710,BETONLINE.ag,UTAH,MIL,N/A,N/A,N/A,N/A,N/A,N/A,N/A,0,0,,,,,,,,,,,,,,,,,,,,
03/20/2016-04:33:47,3/20/2016,710,SportsBetting.ag,UTAH,MIL,N/A,N/A,N/A,N/A,N/A,N/A,N/A,0,0,,,,,,,,,,,,,,,,,,,,
03/20/2016-04:33:47,3/20/2016,708,Westgate,LAC,NO,-7.5,7,-110,-110,212.5,-110,-110,0,0,,,,,,,,,,,,,,,,,,,,
03/20/2016-04:33:47,3/20/2016,708,PinnacleSports.com,LAC,NO,-7,7,-111,101,213.5,101,-111,-290,256,,,,,,,,,,,,,,,,,,,,
03/20/2016-04:33:47,3/20/2016,708,5Dimes.eu,LAC,NO,-7,7,-110,-110,213,-110,-110,-300,250,,,,,,,,,,,,,,,,,,,,
03/20/2016-04:33:47,3/20/2016,708,BOVADA.lv,LAC,NO,N/A,N/A,N/A,N/A,N/A,N/A,N/A,0,0,,,,,,,,,,,,,,,,,,,,
03/20/2016-04:33:47,3/20/2016,708,BETONLINE.ag,LAC,NO,-7,7,-110,-110,213,-110,-110,0,0,,,,,,,,,,,,,,,,,,,,
03/20/2016-04:33:47,3/20/2016,708,SportsBetting.ag,LAC,NO,N/A,N/A,N/A,N/A,N/A,N/A,N/A,0,0,,,,,,,,,,,,,,,,,,,,
03/20/2016-04:33:47,3/20/2016,712,Westgate,SAC,NY,N/A,N/A,N/A,N/A,213.5,-110,-110,0,0,,,,,,,,,,,,,,,,,,,,
03/20/2016-04:33:47,3/20/2016,712,PinnacleSports.com,SAC,NY,1,-1,-110,100,213.5,-105,-105,0,0,,,,,,,,,,,,,,,,,,,,
03/20/2016-04:33:47,3/20/2016,712,5Dimes.eu,SAC,NY,N/A,N/A,N/A,N/A,212.5,-110,-110,0,0,,,,,,,,,,,,,,,,,,,,
03/20/2016-04:33:47,3/20/2016,712,BOVADA.lv,SAC,NY,N/A,N/A,N/A,N/A,N/A,N/A,N/A,0,0,,,,,,,,,,,,,,,,,,,,
03/20/2016-04:33:47,3/20/2016,712,BETONLINE.ag,SAC,NY,N/A,N/A,N/A,N/A,212,-110,-110,0,0,,,,,,,,,,,,,,,,,,,,
03/20/2016-04:33:47,3/20/2016,712,SportsBetting.ag,SAC,NY,N/A,N/A,N/A,N/A,N/A,N/A,N/A,0,0,,,,,,,,,,,,,,,,,,,,
03/21/2016-11:25:34,2016-03-21,606,Westgate,SA,CHA,-6,+6,-110,-110,198.5,-110,-110,-260,+220
03/21/2016-11:25:34,2016-03-21,606,PinnacleSports.com,SA,CHA,-6,+6,-106,-104,199,101,-111,-240,+214
03/21/2016-11:25:34,2016-03-21,606,5Dimes.eu,SA,CHA,-6.5,+6,-108,-102,199,-103,-107,-240,+220
03/21/2016-11:25:34,2016-03-21,606,BOVADA.lv,SA,CHA,-6.5,+6,-110,-110,199,0,0,0,0
03/21/2016-11:25:34,2016-03-21,606,BETONLINE.ag,SA,CHA,-6,+6,-110,-110,199,-110,-110,-245,+205
03/21/2016-11:25:34,2016-03-21,606,SportsBetting.ag,SA,CHA,N/A,N/A,N/A,N/A,N/A,N/A,N/A,0,0
03/21/2016-11:25:34,2016-03-21,618,Westgate,MEM,PHX,-2.5,+2,-110,-110,204,-110,-110,-140,+120
03/21/2016-11:25:34,2016-03-21,618,PinnacleSports.com,MEM,PHX,-2.5,+2,100,-110,204,102,-113,-130,+118
03/21/2016-11:25:34,2016-03-21,618,5Dimes.eu,MEM,PHX,-2,+2,-107,-103,204,-103,-107,-130,+120
03/21/2016-11:25:34,2016-03-21,618,BOVADA.lv,MEM,PHX,-2.5,+2,-110,-110,204,0,0,0,0
03/21/2016-11:25:34,2016-03-21,618,BETONLINE.ag,MEM,PHX,-2.5,+2,-110,-110,204,-110,-110,-140,+120
03/21/2016-11:25:34,2016-03-21,618,SportsBetting.ag,MEM,PHX,N/A,N/A,N/A,N/A,N/A,N/A,N/A,0,0
03/21/2016-11:25:34,2016-03-21,616,Westgate,GS,MIN,-13,+13,-110,-110,232.5,-110,-110,-1600,+900
03/21/2016-11:25:34,2016-03-21,616,PinnacleSports.com,GS,MIN,-12.5,+12,-105,-105,232.5,-110,100,-1111,+835
03/21/2016-11:25:34,2016-03-21,616,5Dimes.eu,GS,MIN,-13,+13,-105,-105,232,-108,-102,-1200,+1000
03/21/2016-11:25:34,2016-03-21,616,BOVADA.lv,GS,MIN,-13,+13,-110,-110,232,0,0,0,0
03/21/2016-11:25:34,2016-03-21,616,BETONLINE.ag,GS,MIN,-12.5,+12,-115,-105,232.5,-110,-110,-1100,+775
03/21/2016-11:25:34,2016-03-21,616,SportsBetting.ag,GS,MIN,N/A,N/A,N/A,N/A,N/A,N/A,N/A,0,0
03/21/2016-11:25:34,2016-03-21,610,Westgate,ORL,BOS,+8,-8,-110,-110,215.5,-110,-110,+330,-400
03/21/2016-11:25:34,2016-03-21,610,PinnacleSports.com,ORL,BOS,+8,-8,-113,102,215.5,-105,-105,+334,-385
03/21/2016-11:25:34,2016-03-21,610,5Dimes.eu,ORL,BOS,+8.5,-8,-103,-107,216.5,-105,-105,+330,-370
03/21/2016-11:25:34,2016-03-21,610,BOVADA.lv,ORL,BOS,+8,-8,-110,-110,215,0,0,0,0
03/21/2016-11:25:34,2016-03-21,610,BETONLINE.ag,ORL,BOS,+8,-8,-107,-113,215.5,-110,-110,+310,-370
03/21/2016-11:25:34,2016-03-21,610,SportsBetting.ag,ORL,BOS,N/A,N/A,N/A,N/A,N/A,N/A,N/A,0,0
03/21/2016-11:25:34,2016-03-21,614,Westgate,SAC,CHI,+7.5,-7,-110,-110,219.5,-110,-110,+280,-340
03/21/2016-11:25:34,2016-03-21,614,PinnacleSports.com,SAC,CHI,+7.5,-7,-103,-107,219,-103,-107,+292,-333
03/21/2016-11:25:34,2016-03-21,614,5Dimes.eu,SAC,CHI,+7.5,-7,-105,-105,219.5,-105,-105,+280,-310
03/21/2016-11:25:34,2016-03-21,614,BOVADA.lv,SAC,CHI,+7.5,-7,-110,-110,219,0,0,0,0
03/21/2016-11:25:34,2016-03-21,614,BETONLINE.ag,SAC,CHI,+7.5,-7,-108,-112,219,-110,-110,+275,-330
03/21/2016-11:25:34,2016-03-21,614,SportsBetting.ag,SAC,CHI,N/A,N/A,N/A,N/A,N/A,N/A,N/A,0,0
03/21/2016-11:25:34,2016-03-21,612,Westgate,WSH,ATL,+6.5,-6,-110,-110,208,-110,-110,+230,-270
03/21/2016-11:25:34,2016-03-21,612,PinnacleSports.com,WSH,ATL,+6.5,-6,-107,-103,207,-115,104,+222,-250
03/21/2016-11:25:34,2016-03-21,612,5Dimes.eu,WSH,ATL,+6.5,-6,-105,-105,208,-105,-105,+235,-255
03/21/2016-11:25:34,2016-03-21,612,BOVADA.lv,WSH,ATL,+6.5,-6,-110,-110,208,0,0,0,0
03/21/2016-11:25:34,2016-03-21,612,BETONLINE.ag,WSH,ATL,+6.5,-6,-113,-107,208,-110,-110,+225,-265
03/21/2016-11:25:34,2016-03-21,612,SportsBetting.ag,WSH,ATL,N/A,N/A,N/A,N/A,N/A,N/A,N/A,0,0
03/21/2016-11:25:34,2016-03-21,604,Westgate,DEN,CLE,+11,-11,-110,-110,213,-110,-110,+600,-900
03/21/2016-11:25:34,2016-03-21,604,PinnacleSports.com,DEN,CLE,+11,-11,-102,-108,213.5,-101,-109,+622,-777
03/21/2016-11:25:34,2016-03-21,604,5Dimes.eu,DEN,CLE,+11,-11,-105,-105,213.5,-105,-105,+600,-750
03/21/2016-11:25:34,2016-03-21,604,BOVADA.lv,DEN,CLE,+12,-12,-110,-110,N/A,N/A,N/A,0,0
03/21/2016-11:25:34,2016-03-21,604,BETONLINE.ag,DEN,CLE,+11,-11,-110,-110,213.5,-110,-110,+600,-800
03/21/2016-11:25:34,2016-03-21,604,SportsBetting.ag,DEN,CLE,N/A,N/A,N/A,N/A,N/A,N/A,N/A,0,0
03/21/2016-11:25:34,2016-03-21,608,Westgate,MIL,DET,+7.5,-7,-110,-110,205.5,-110,-110,+280,-340
03/21/2016-11:25:34,2016-03-21,608,PinnacleSports.com,MIL,DET,+7.5,-7,-105,-105,205.5,-105,-105,+281,-320
03/21/2016-11:25:34,2016-03-21,608,5Dimes.eu,MIL,DET,+7.5,-7,-105,-105,205.5,-107,-103,+290,-320
03/21/2016-11:25:34,2016-03-21,608,BOVADA.lv,MIL,DET,+7.5,-7,-110,-110,205,0,0,0,0
03/21/2016-11:25:34,2016-03-21,608,BETONLINE.ag,MIL,DET,+7.5,-7,-110,-110,205.5,-110,-110,+285,-340
03/21/2016-11:25:34,2016-03-21,608,SportsBetting.ag,MIL,DET,N/A,N/A,N/A,N/A,N/A,N/A,N/A,0,0
03/21/2016-11:25:34,2016-03-21,602,Westgate,PHI,IND,+15,-15,-110,-110,208,-110,-110,+1200,-3000
03/21/2016-11:25:34,2016-03-21,602,PinnacleSports.com,PHI,IND,+15,-15,-110,100,208,-105,-105,+1289,-2000
03/21/2016-11:25:34,2016-03-21,602,5Dimes.eu,PHI,IND,+15,-15,-107,-103,208,-107,-103,+1400,-2500
03/21/2016-11:25:34,2016-03-21,602,BOVADA.lv,PHI,IND,+15,-15,-110,-110,208,0,0,0,0
03/21/2016-11:25:34,2016-03-21,602,BETONLINE.ag,PHI,IND,+15,-15,-113,-107,208,-110,-110,+1275,-2100
03/21/2016-11:25:34,2016-03-21,602,SportsBetting.ag,PHI,IND,N/A,N/A,N/A,N/A,N/A,N/A,N/A,0,0
